TOKEN;BEGIN;ORT
1;90405;I
2;97461;pirati
3;118629;smemorati
4;227556;c'
5;232848;era
6;247401;una
7;255339;nave
8;267687;di
9;274302;pirati
10;312228;che
11;317520;si
12;326781;chiamava
13;345303;Tonno
14;363825;Feroce
15;411453;e
16;415863;navigava
17;437472;i
18;441882;mari
19;469224;facendo
20;491274;abbordaggi
21;570614;spara
22;586530;qua
23;598847;assalta
24;620046;di
25;628425;là
26;647388;ruba
27;;a
28;665469;me
29;679140;rapina
30;;a
31;706041;te
32;734706;i
33;738234;pirati
34;754992;di
35;760284;quella
36;772632;nave
37;804825;agli
38;813645;ordini
39;831726;di
40;834813;capitan
41;868329;Gigi
42;884646;Trinciasquali
43;948150;avevano
44;970641;accumulato
45;1012536;un
46;1021797;gran
47;1035027;tesoro
48;1056195;di
49;1062810;dobloni
50;1103823;zecchini
51;1152774;fiorini
52;1191582;talleri
53;1223775;corone
54;1263465;e
55;1268757;altre
56;1287279;preziosissime
57;1332261;monete
58;1401864;Quando
59;1413405;ne
60;1420461;ebbero
61;1433691;tante
62;1470735;che
63;1475145;la
64;1482201;nave
65;1502760;quasi
66;1521891;affondava
67;1575252;il
68;1581867;capitano
69;1605240;disse
70;1642284;ciurma
71;1662129;ascoltate
72;1723428;Noi
73;1732689;dobbiamo
74;1748565;metter
75;1763559;al
76;1767528;riparo
77;1786491;il
78;1791342;nostro
79;1807659;tesoro
80;1861461;troviamo
81;1881844;un’
82;1894536;isola
83;1922319;e
84;1923642;sotterriamolo
85;1958040;per
86;1968183;bene
87;2029923;Bella
88;2043153;idea
89;2060352;capitano
90;2107539;gridarono
91;2130912;i
92;2135322;pirati
93;2196621;e
94;2200149;trovata
95;2223081;in
96;2230578;mezzo
97;2244249;al
98;2251305;mare
99;2268063;un’
100;2274678;isola
101;2292759;di
102;2297610;terra
103;2311281;molle
104;2349207;vi
105;2356704;seppellirono
106;2386692;il
107;2392425;tesoro
108;2485917;Poi
109;2495178;tornarono
110;2518110;in
111;2526048;giro
112;2543247;per
113;2550744;onde
114;2568825;e
115;2570148;orizzonti
116;2617335;a
117;2619981;sparare
118;2647323;e
119;2653497;abbordare
120;2699361;assalire
121;2738610;e
122;2741256;rapinare
123;2815785;Ma
124;2819754;le
125;2825046;cose
126;2836512;cominciarono
127;2863413;ad
128;2869587;andar
129;2884140;male
130;2924712;perché
131;2935296;le
132;2940147;navi
133;2949849;si
134;2956905;erano
135;2968371;fatte
136;2982703;veloci
137;3019527;mentre
138;3032316;la
139;3036726;vecchia
140;3052161;Tonno
141;3067596;Feroce
142;3088323;era
143;3097509;una
144;3105081;nave
145;3116988;antica
146;3175200;quelle
147;3187107;scappavano
148;3236794;e
149;3242478;i
150;3246637;pirati
151;3263400;cominciavano
152;3294133;a
153;3296475;sentire
154;3318966;mal
155;3328227;di
156;3336606;schiena
157;3353364;e
158;3359097;reumatismi
159;3427011;Insomma
160;3461850;la
161;3468906;pirateria
162;3490515;non
163;3495807;rendeva
164;3519621;come
165;3531528;una
166;3539466;volta
167;3602529;Dopo
168;3613995;tre
169;3621051;anni
170;3636927;di
171;3641778;affari
172;3657654;magri
173;3681027;e
174;3682350;stenti
175;3719394;disse
176;3746295;Gigi
177;3760848;Trinciasquali
178;3843315;Bella
179;3859191;ciurma
180;3891384;sapete
181;3912111;cosa
182;3924018;faremo
183;3970323;Torneremo
184;3994137;sull'
185;4004280;isola
186;4022361;dove
187;4031181;abbiamo
188;4047498;sepolto
189;4068666;il
190;4075281;tesoro
191;4123791;lo
192;4131288;tireremo
193;4155984;fuori
194;4187736;lo
195;4193910;divideremo
196;4220811;fra
197;4227867;noi
198;4267557;e
199;4275495;vivremo
200;4297545;da
201;4301514;gran
202;4314303;signori
203;4350024;nei
204;4362372;porti
205;4383981;di
206;4389273;tutto
207;4405149;il
208;4410441;mondo
209;4476150;Giusto
210;4497759;Trinciasquali
211;4551120;gridarono
212;4572288;i
213;4576698;pirati
214;4635351;e
215;4641525;la
216;4646376;nave
217;4658724;voltò
218;4677687;la
219;4686066;prua
220;4716495;verso
221;4735458;l’
222;4738545;isola
223;4757067;del
224;4765005;tesoro
225;4843944;Ma
226;4851441;dov'
227;4859379;era
228;4869522;l’
229;4871727;isola
230;4884957;del
231;4892895;tesoro
232;4952871;Il
233;4958163;guaio
234;4970070;è
235;4975362;che
236;4978890;nessuno
237;5007555;lo
238;5011524;ricordava
239;5039748;bene
240;5082966;perché
241;5093792;il
242;5103252;mare
243;5117805;è
244;5123097;pieno
245;5137650;di
246;5146911;isole
247;5172048;e
248;5176837;isolotti
249;5245695;I
250;5252751;pirati
251;5269985;della
252;5277447;Tonno
253;5290677;Feroce
254;5323311;ad
255;5328162;ogni
256;5337864;isola
257;5354622;gridavano
258;5394312;È
259;5397399;quella
260;5446350;Sbarcavano
261;5491332;scavavano
262;5539401;ma
263;5545575;niente
264;5561892;tesoro
265;5630247;E
266;5631570;scava
267;5647446;su
268;5657589;un’
269;5662440;isola
270;5676993;scava
271;5691105;su
272;5699925;due
273;5731236;avevano
274;5754168;i
275;5759019;calli
276;5777100;alle
277;5784156;mani
278;5820759;erano
279;5831784;magri
280;5861331;e
281;5866182;affamati
282;5938065;Un
283;5946003;giorno
284;5961879;ecco
285;5975109;un’
286;5982165;isola
287;5998041;verde
288;6013476;in
289;6020973;mezzo
290;6033762;al
291;6041259;mare
292;6095502;È
293;6100353;quella
294;6136956;forse
295;6178410;dissero
296;6197373;i
297;6201783;pirati
298;6237945;ma
299;6244560;senza
300;6258672;troppa
301;6273666;fiducia
302;6334965;Sbarcarono
303;6378624;e
304;6383475;cominciarono
305;6412713;a
306;6416550;scavare
307;6476526;e
308;6478290;non
309;6487992;trovarono
310;6509160;il
311;6514893;tesoro
312;6532974;nemmeno
313;6553260;lì
314;6608826;però
315;6619410;trovarono
316;6646311;dei
317;6655131;tuberi
318;6673653;grossi
319;6709374;dalla
320;6721281;pelle
321;6735834;bruna
322;6787872;Erano
323;6799779;così
324;6816096;belli
325;6831531;e
326;6832854;strani
327;6880041;che
328;6885804;li
329;6893712;fecero
330;6911352;cuocere
331;6951042;e
332;6952365;li
333;6957657;assaggiarono
334;7025571;e
335;7030863;li
336;7038360;trovarono
337;7064379;così
338;7087311;buoni
339;7119658;che
340;7125678;li
341;7132734;cucinarono
342;7165809;in
343;7170660;molti
344;7189182;modi
345;7240779;fritti
346;7282674;cotti
347;7322805;arrostiti
348;7372197;col
349;7381458;prezzemolo
350;7429086;a
351;7434819;pezzetti
352;7479360;a
353;7482888;bastoncini
354;7538895;schiacciati
355;7613424;e
356;7616070;così
357;7633710;i
358;7635915;pirati
359;7653555;dimenticarono
360;7694127;il
361;7697655;tesoro
362;7747047;e
363;7752780;decisero
364;7783209;di
365;7787178;restare
366;7805700;su
367;7813197;quell'
368;7822899;isola
369;7852005;a
370;7856415;coltivare
371;7882434;patate
372;7936236;il
373;7941969;capitano
374;7963137;cambiò
375;7977249;nome
376;8012088;e
377;8013411;si
378;8023554;fece
379;8035020;chiamare
380;8072946;Gigi
381;8095437;Zappatata
