word,surprisal,entropy
Il,0.0,
re,8.935922622680664,10.42841625213623
Mida,20.98687744140625,7.733622074127197
Il,4.043361186981201,7.598420143127441
re,2.650313138961792,8.282048225402832
Mida,2.220991373062134,4.113032341003418
era,4.747988700866699,7.2066192626953125
un,3.386976480484009,7.862799644470215
grande,6.141209602355957,8.503064155578613
spendaccione,20.936920166015625,4.282968044281006
tutte,12.758344650268555,7.64204740524292
le,0.48580241203308105,2.7121102809906006
sere,6.617273807525635,4.254570007324219
dava,8.857254028320312,7.777146339416504
feste,11.622039794921875,6.687826633453369
e,3.0283055305480957,5.717846393585205
balli,10.156303405761719,4.688185214996338
finché,9.146692276000977,7.391793251037598
si,5.548538684844971,6.283867835998535
trovò,10.140028953552246,8.236309051513672
senza,7.373875617980957,5.677272796630859
un,3.810476779937744,8.688050270080566
centesimo,12.612777709960938,3.7151124477386475
Andò,13.223245620727539,5.608789443969727
dal,5.91558837890625,5.101869583129883
mago,7.324759483337402,5.641246795654297
Apollo,14.453805923461914,5.802844524383545
gli,6.03346586227417,7.016594409942627
raccontò,8.254339218139648,2.746108293533325
i,6.6816325187683105,4.396727561950684
suoi,1.6640290021896362,5.21046257019043
guai,9.623642921447754,6.705288410186768
e,1.7282650470733643,3.783855438232422
Apollo,10.779882431030273,6.966276168823242
gli,2.7646961212158203,6.636970043182373
fece,4.346252918243408,6.055641174316406
questo,10.864862442016602,7.904468536376953
incantesimo,8.674734115600586,3.367666006088257
Tutto,9.000228881835938,8.945601463317871
quello,3.582310199737549,5.946903228759766
che,0.05421196669340134,0.494803786277771
le,9.48418140411377,6.949853897094727
tue,10.109687805175781,7.374608993530273
mani,1.4008971452713013,5.848446846008301
toccano,12.916590690612793,4.25961971282959
deve,9.635080337524414,5.622293949127197
diventare,7.221092700958252,5.755904674530029
oro,7.837545394897461,5.711624622344971
Il,4.995785713195801,7.003539085388184
re,1.9804965257644653,5.14576530456543
Mida,1.6183569431304932,2.5565946102142334
fece,6.833962440490723,7.007685661315918
un,3.331566095352173,6.56800651550293
salto,9.385363578796387,1.592707633972168
per,5.8049821853637695,5.539872646331787
la,4.1982550621032715,8.23024845123291
contentezza,17.924816131591797,3.868698835372925
e,2.2458786964416504,4.246733665466309
tornò,10.575660705566406,7.192793846130371
di,7.275856018066406,4.980695724487305
corsa,4.30437707901001,2.231576681137085
alla,4.658673286437988,4.882767200469971
sua,3.0733704566955566,7.11275577545166
automobile,15.80401611328125,4.901247024536133
ma,4.181833267211914,7.809497356414795
non,3.200507640838623,6.859471321105957
fece,4.771685600280762,6.619906902313232
in,3.670279026031494,5.447315216064453
tempo,0.004072986077517271,0.03603813424706459
a,0.3169848322868347,1.2059319019317627
toccare,8.233932495117188,8.307140350341797
la,2.1276984214782715,4.063955783843994
maniglia,11.5512056350708,5.036857604980469
della,3.86061429977417,4.632761478424072
portiera,8.408952713012695,4.067471504211426
che,4.652535915374756,3.3443100452423096
subito,10.74140739440918,6.5935959815979
la,4.7912421226501465,6.1133246421813965
macchina,12.92122745513916,8.542330741882324
diventò,14.5930757522583,6.2480340003967285
tutta,9.233573913574219,8.127300262451172
d',8.12432861328125,3.4263579845428467
oro,6.45109748840332,1.2029993534088135
ruote,20.515869140625,6.722228050231934
d',6.133935451507568,2.2958240509033203
oro,1.7723898887634277,1.858392357826233
vetri,15.379288673400879,6.834144592285156
d',5.4478960037231445,1.5664334297180176
oro,1.3310577869415283,1.4838061332702637
motore,15.833893775939941,6.948375225067139
d',7.620269298553467,1.211716651916504
oro,3.146111488342285,1.439568281173706
Era,4.676342964172363,7.065466403961182
diventata,15.60154914855957,7.63725471496582
d',10.516066551208496,3.563974380493164
oro,0.3055342435836792,0.7475070953369141
anche,10.389860153198242,2.728355646133423
la,4.524631023406982,5.695254325866699
benzina,15.577962875366211,4.35664176940918
così,7.60642671585083,6.577505588531494
la,7.602787494659424,7.092251300811768
macchina,6.613020420074463,4.706462383270264
non,8.313896179199219,3.368370532989502
camminava,12.779279708862305,5.055877685546875
più,8.134942054748535,5.413344383239746
e,4.851226806640625,5.497185707092285
bisognò,19.309051513671875,6.160079002380371
far,17.88414764404297,5.033627033233643
venire,12.613718032836914,4.8099493980407715
un,4.602892875671387,5.046879768371582
carro,11.068778991699219,5.492981433868408
coi,14.480301856994629,3.424816608428955
buoi,11.971292495727539,6.243696689605713
per,5.667295932769775,2.6909728050231934
trasportarla,27.074552536010742,3.7487192153930664
Appena,9.573259353637695,6.734895706176758
a,8.46174430847168,6.539374828338623
casa,8.00922679901123,6.209835052490234
il,6.742204189300537,3.6445958614349365
re,1.8887231349945068,5.719901084899902
Mida,0.019229017198085785,0.09184343367815018
andava,14.05901050567627,4.584472179412842
in,4.990675926208496,4.6863932609558105
giro,6.20387601852417,5.66668176651001
per,2.040889024734497,3.317349672317505
le,5.316482067108154,2.198551893234253
stanze,11.943507194519043,5.069406509399414
a,8.481595993041992,2.813404083251953
toccare,9.38939380645752,5.87943172454834
più,10.841720581054688,3.5289368629455566
cose,14.154081344604492,5.5182785987854
che,4.479978561401367,3.764514207839966
poteva,15.96963882446289,5.260383129119873
tavoli,23.750751495361328,2.933483600616455
armadi,24.539621353149414,4.193276405334473
sedie,25.277259826660156,3.1041035652160645
e,3.830925226211548,4.561081886291504
tutto,9.80497932434082,6.953433513641357
diventava,21.12404441833496,3.4304423332214355
d',13.14231014251709,2.1423561573028564
oro,2.248471736907959,1.5893549919128418
A,5.7689104080200195,6.222718238830566
un,5.445263862609863,7.8324294090271
certo,10.318565368652344,6.511289596557617
punto,17.807880401611328,3.019251585006714
ebbe,11.626412391662598,3.4961647987365723
sete,17.051660537719727,2.767624855041504
si,8.295175552368164,4.737215518951416
fece,3.6248371601104736,5.83075475692749
portare,15.882401466369629,2.627596378326416
un,4.754878044128418,2.4867990016937256
bicchiere,7.484584331512451,5.901340961456299
d',7.5557942390441895,1.5786466598510742
acqua,14.14696216583252,1.5994290113449097
ma,4.1166510581970215,4.173043727874756
il,3.9351658821105957,4.903365135192871
bicchiere,12.975159645080566,4.320075035095215
diventò,15.075275421142578,3.31966495513916
d',12.997608184814453,2.277620792388916
oro,1.9392046928405762,2.931887626647949
l',5.4315667152404785,2.2207343578338623
acqua,12.851036071777344,0.6774380207061768
pure,20.816280364990234,3.2857861518859863
e,3.7008938789367676,4.3066182136535645
se,9.007562637329102,7.026932716369629
volle,9.561736106872559,4.596024990081787
bere,7.8244757652282715,5.8060102462768555
dovette,18.42630958557129,2.8299739360809326
lasciarsi,17.60715103149414,6.490073204040527
imboccare,26.703996658325195,4.487207412719727
dal,13.960647583007812,3.194373369216919
suo,10.470734596252441,0.5717257261276245
servo,14.258492469787598,7.0079145431518555
col,12.552200317382812,2.605722665786743
cucchiaio,10.587433815002441,4.901366710662842
Venne,12.119646072387695,5.859957218170166
l',6.836591720581055,2.040555953979492
ora,11.670781135559082,1.4205715656280518
di,10.442724227905273,3.6658272743225098
andare,13.266246795654297,4.722011566162109
a,4.927229404449463,4.455006122589111
tavola,17.094257354736328,3.6308462619781494
Toccava,32.92607879638672,3.9568583965301514
la,6.530588626861572,3.775205612182617
forchetta,35.34463882446289,4.156417369842529
e,2.4812586307525635,3.5072028636932373
diventava,22.88290023803711,4.73276424407959
d',13.688725471496582,1.894857406616211
oro,0.6861438751220703,3.332202911376953
e,2.0990991592407227,2.6087777614593506
tutti,7.507538795471191,5.036294460296631
gli,0.849155068397522,1.559981107711792
invitati,19.950809478759766,3.065763473510742
battevano,26.172075271606445,2.616426706314087
le,6.40685510635376,2.9521472454071045
mani,8.325667381286621,3.616640567779541
e,2.0922701358795166,3.7986180782318115
dicevano,27.14531707763672,4.112866401672363
Maestà,28.3405704498291,5.701577186584473
toccatemi,25.53030014038086,4.116024971008301
i,8.636581420898438,3.38577938079834
bottoni,23.982601165771484,3.002190589904785
della,15.487879753112793,2.674713134765625
giacca,16.376314163208008,1.9434696435928345
toccatemi,27.351375579833984,3.6899917125701904
questo,13.71639633178711,2.829583168029785
ombrello,33.052303314208984,2.0844805240631104
Il,3.118483781814575,5.8267388343811035
re,1.2752652168273926,4.119009017944336
Mida,0.016430489718914032,0.0832330584526062
li,15.224411010742188,4.7354230880737305
faceva,6.496053218841553,5.148539066314697
contenti,26.799428939819336,2.0538086891174316
ma,4.924419403076172,3.991844892501831
quando,4.520247459411621,5.094666481018066
prese,9.842835426330566,4.199170112609863
il,0.36189746856689453,2.040090799331665
pane,15.85653305053711,4.459578514099121
per,8.389181137084961,1.5301457643508911
mangiare,13.266654014587402,3.769319772720337
anche,10.519789695739746,2.906984806060791
quello,7.161053657531738,3.242992877960205
diventò,18.382841110229492,3.2569146156311035
d',12.735461235046387,1.5899184942245483
oro,2.8583474159240723,5.809190273284912
e,1.3980532884597778,2.2369914054870605
se,9.255697250366211,5.605997562408447
volle,9.554600715637207,4.993507385253906
cavarsi,30.64670181274414,4.418216228485107
l',8.064923286437988,1.9617969989776611
appetito,40.453575134277344,3.349865198135376
dovette,15.477474212646484,3.255507707595825
farsi,15.668831825256348,1.51017165184021
imboccare,34.78150939941406,4.297906875610352
dalla,14.294453620910645,3.129347085952759
regina,5.915380001068115,3.2158589363098145
Gli,7.306509017944336,5.414305210113525
invitati,23.433692932128906,2.946516990661621
si,7.208215236663818,2.768975019454956
nascondevano,16.886760711669922,3.8092398643493652
sotto,15.861806869506836,3.33823823928833
il,0.37632545828819275,1.6874513626098633
tavolo,14.74803352355957,4.544371604919434
a,9.697447776794434,2.3156893253326416
ridere,16.984195709228516,5.1499342918396
e,1.3493537902832031,1.8807209730148315
il,4.6519083976745605,3.90987491607666
re,1.7683682441711426,4.700833320617676
Mida,0.014633674174547195,0.0740845575928688
si,8.218548774719238,4.213299751281738
arrabbiò,44.79295349121094,4.510721206665039
ne,12.744132995605469,3.833409070968628
acchiappò,53.71046447753906,3.067364454269409
uno,12.433135986328125,3.273282527923584
e,4.717618465423584,5.141968250274658
gli,6.334752559661865,3.5511505603790283
fece,4.085763454437256,3.0411627292633057
diventare,16.530864715576172,1.8911093473434448
d',13.382641792297363,2.0157971382141113
oro,5.470643997192383,4.676145076751709
il,7.147646427154541,2.5183651447296143
naso,19.164566040039062,3.4466676712036133
così,10.185959815979004,3.7681894302368164
non,11.463177680969238,5.529254913330078
poteva,7.589832305908203,5.401113033294678
più,9.026116371154785,5.172923564910889
soffiarselo,52.18474578857422,3.128765821456909
Venne,12.42619514465332,5.696475028991699
l',7.673802852630615,1.692987322807312
ora,12.509499549865723,4.098849773406982
di,10.967900276184082,3.388319253921509
andare,13.173930168151855,5.132506370544434
a,6.508816242218018,4.267940998077393
dormire,19.885156631469727,3.511791706085205
ma,4.719597339630127,3.8343894481658936
il,1.9449571371078491,4.925588130950928
re,1.783642053604126,4.6008429527282715
Mida,3.080538034439087,1.4922432899475098
senza,11.411787986755371,3.7682743072509766
volerlo,20.15667152404785,2.4944427013397217
toccò,22.94219207763672,2.7108755111694336
il,3.133223295211792,3.077010154724121
cuscino,31.394495010375977,4.493531703948975
toccò,21.11949348449707,2.2738096714019775
le,8.46730899810791,2.9837327003479004
lenzuola,45.35335159301758,2.6558663845062256
e,1.5005618333816528,2.8907806873321533
il,4.669763565063477,3.364187717437744
materasso,41.87584686279297,3.9821863174438477
diventarono,29.66446304321289,3.8001694679260254
d',12.819643020629883,1.7792538404464722
oro,7.594547271728516,3.8659627437591553
massiccio,18.82624053955078,2.4820339679718018
ed,8.606996536254883,2.9007019996643066
erano,14.276973724365234,1.0937132835388184
troppo,13.607110023498535,2.490259885787964
duri,18.17583656311035,3.210179328918457
per,8.09979248046875,2.0248236656188965
dormirci,41.405235290527344,3.1183135509490967
Gli,7.085145950317383,5.67094087600708
toccò,18.376102447509766,2.5734426975250244
di,9.939802169799805,3.0870652198791504
passare,19.803321838378906,5.186941146850586
la,7.023926258087158,3.272975444793701
notte,8.087387084960938,0.727699339389801
seduto,21.348255157470703,1.1128252744674683
su,11.484042167663574,3.2656869888305664
una,8.496755599975586,5.504014015197754
poltrona,17.941682815551758,5.011701583862305
con,10.388886451721191,3.633427619934082
le,7.847145080566406,2.8846750259399414
braccia,11.292255401611328,2.9829628467559814
alzate,21.49565887451172,2.0622339248657227
per,6.916536808013916,3.5806498527526855
non,10.57359504699707,3.4689855575561523
toccare,12.69623851776123,5.398282051086426
niente,18.878271102905273,2.0343661308288574
e,4.669539928436279,3.806403160095215
la,7.971184730529785,3.476492404937744
mattina,12.479265213012695,0.567874550819397
dopo,11.661815643310547,1.2442551851272583
era,11.689239501953125,1.9821722507476807
stanco,25.38924789428711,1.8139097690582275
morto,20.546371459960938,1.6024274826049805
Corse,22.405242919921875,3.3859457969665527
subito,15.445425987243652,3.100832462310791
dal,10.614892959594727,3.109017848968506
mago,0.05040734261274338,0.43854662775993347
Apollo,17.338865280151367,2.557593584060669
per,8.065483093261719,3.0133090019226074
farsi,10.82302474975586,3.6986844539642334
disfare,25.105182647705078,4.786599636077881
l',7.2140326499938965,1.5327149629592896
incantesimo,45.89639663696289,4.093879699707031
e,4.795851230621338,3.6829612255096436
Apollo,0.7076646685600281,3.6313228607177734
lo,7.028716087341309,3.1554205417633057
accontentò,24.362478256225586,3.5613391399383545
Va,12.275087356567383,5.778319835662842
bene,13.748696327209473,1.819983959197998
gli,8.513009071350098,5.448917388916016
disse,7.137535572052002,2.5663115978240967
ma,5.719852447509766,5.586572647094727
sta',27.193435668945312,4.166110992431641
bene,15.215530395507812,3.987731456756592
attento,26.585886001586914,1.720630168914795
perché,11.887689590454102,3.5482537746429443
per,10.115682601928711,4.627514839172363
far,12.140792846679688,3.7328808307647705
passare,21.50274658203125,1.1489272117614746
l',7.056195259094238,1.3221428394317627
incantesimo,43.9869384765625,4.2911505699157715
ci,14.0578031539917,2.6477935314178467
vogliono,14.675230979919434,3.4320592880249023
sette,14.450692176818848,1.9732182025909424
ore,12.61516284942627,2.1417839527130127
e,1.0556575059890747,2.081019878387451
sette,15.185134887695312,3.124605178833008
minuti,11.403876304626465,2.2671074867248535
giusti,25.793180465698242,2.295696258544922
e,5.217232704162598,3.6554927825927734
in,11.535218238830566,2.8174402713775635
questo,7.145071506500244,5.598596572875977
tempo,17.320877075195312,0.8404173254966736
tutto,12.885032653808594,1.2141690254211426
quello,8.270854949951172,0.6930467486381531
che,10.388121604919434,2.756256341934204
toccherai,37.66763687133789,3.283620595932007
diventerà,18.089323043823242,3.378803014755249
cacca,23.028377532958984,4.234511375427246
di,12.311134338378906,2.745074510574341
mucca,24.360319137573242,4.43133544921875
Il,2.272813558578491,5.600363731384277
re,0.9995601773262024,3.841923475265503
Mida,0.022216888144612312,0.10907112061977386
se,11.417363166809082,3.876523017883301
ne,5.420572280883789,4.416580677032471
andò,12.796867370605469,4.01392936706543
tutto,9.739066123962402,1.3246140480041504
consolato,39.72203063964844,1.6650084257125854
e,5.314955711364746,3.5485455989837646
stava,12.426129341125488,3.58261775970459
bene,15.170072555541992,1.019689679145813
attento,23.38860321044922,1.2022392749786377
all',14.969818115234375,0.8596957921981812
orologio,21.544431686401367,2.8974194526672363
per,9.84815788269043,3.5150625705718994
non,10.42387580871582,3.795945882797241
toccare,12.896137237548828,5.323276519775391
niente,16.120168685913086,2.5231072902679443
prima,14.108829498291016,1.750585913658142
che,7.039742946624756,4.421026706695557
fossero,16.247276306152344,4.697028636932373
passati,25.2064208984375,3.3483290672302246
sette,15.604708671569824,3.2335216999053955
ore,15.322588920593262,1.9594322443008423
e,1.4349867105484009,2.3716790676116943
sette,14.558747291564941,4.127289772033691
minuti,10.982840538024902,1.5741674900054932
Purtroppo,16.823402404785156,4.163354873657227
il,2.2367522716522217,3.643554210662842
suo,3.138453960418701,4.3651862144470215
orologio,26.883113861083984,3.9014534950256348
correva,20.477134704589844,1.9296644926071167
un,7.306534290313721,2.6023478507995605
po',8.813248634338379,3.5995326042175293
più,14.417616844177246,3.533186435699463
del,5.668147563934326,4.50156307220459
necessario,20.965152740478516,1.9712700843811035
e,5.553868293762207,3.5310747623443604
andava,16.885770797729492,4.090714931488037
avanti,15.404932022094727,1.3957425355911255
un,11.22550106048584,1.702112078666687
minuto,6.862381458282471,5.577394485473633
ogni,11.726649284362793,1.4943441152572632
ora,12.403453826904297,5.137872219085693
Quando,5.247753620147705,5.383265018463135
ebbe,6.821192264556885,5.361545085906982
contato,28.19930648803711,2.163837194442749
sette,16.78115463256836,2.333932638168335
ore,11.630114555358887,2.882232427597046
e,2.153737783432007,1.913894534111023
sette,14.331509590148926,4.344234466552734
minuti,8.66044807434082,3.0552890300750732
il,8.2012357711792,1.5825629234313965
re,1.6884204149246216,4.564152717590332
Mida,0.015689369291067123,0.08115541934967041
aprì,19.498769760131836,3.8386900424957275
la,6.836877346038818,2.843404769897461
macchina,15.113733291625977,0.48569416999816895
e,1.5460435152053833,2.1861519813537598
ci,11.545742988586426,5.391841888427734
montò,33.45210266113281,3.0706088542938232
e,5.549457550048828,3.5324795246124268
subito,11.055994987487793,4.777880668640137
si,7.04362154006958,2.364328384399414
trovò,7.7545952796936035,5.82489538192749
seduto,17.51042366027832,2.7106242179870605
in,9.100916862487793,3.7556204795837402
mezzo,9.665030479431152,4.997249126434326
a,8.73572063446045,2.2866573333740234
un,3.108635663986206,4.987329006195068
gran,8.906965255737305,5.64725923538208
mucchio,26.553892135620117,6.4521484375
di,11.133774757385254,2.1758322715759277
cacca,25.59245491027832,5.045867919921875
di,12.745309829711914,2.239590883255005
mucca,25.036802291870117,4.505001544952393
perché,12.168105125427246,3.500241756439209
mancavano,32.65873336791992,3.841670036315918
ancora,12.828009605407715,2.7032506465911865
sette,12.579906463623047,3.9923908710479736
minuti,8.88054084777832,2.381118059158325
alla,15.716047286987305,1.486873745918274
fine,8.146490097045898,0.9979147911071777
dell',17.637556076049805,1.1438921689987183
incantesimo,48.05959701538086,3.5432448387145996
