token_id;sentence_ids;tokens_no_punct;lemma_no_punct;PoS;depparse;head;constituency;AoA(m+sd);Zipf_freq;type_of_words
1;0;il;il;DET;det;ragno;(ROOT (f (sn (DET Il) (sa (ADJ piccolo)) (NOUN ragno)) (ibar (coord (VERB tesse) (CCONJ e) (VERB tace))) (PUNCT .)));;7,039560886;function
2;0;piccolo;piccolo;ADJ;amod;ragno;(ROOT (f (sn (DET Il) (sa (ADJ piccolo)) (NOUN ragno)) (ibar (coord (VERB tesse) (CCONJ e) (VERB tace))) (PUNCT .)));4.12 ± 3.18;5,291431625;content
3;0;ragno;ragno;NOUN;nsubj;tesse;(ROOT (f (sn (DET Il) (sa (ADJ piccolo)) (NOUN ragno)) (ibar (coord (VERB tesse) (CCONJ e) (VERB tace))) (PUNCT .)));4.48 ± 0.96;3,818289087;content
4;0;tesse;tessere;VERB;root;ROOT;(ROOT (f (sn (DET Il) (sa (ADJ piccolo)) (NOUN ragno)) (ibar (coord (VERB tesse) (CCONJ e) (VERB tace))) (PUNCT .)));;2,660745246;content
5;0;e;e;CCONJ;cc;tace;(ROOT (f (sn (DET Il) (sa (ADJ piccolo)) (NOUN ragno)) (ibar (coord (VERB tesse) (CCONJ e) (VERB tace))) (PUNCT .)));;2,741151583;function
6;0;tace;tacere;VERB;conj;tesse;(ROOT (f (sn (DET Il) (sa (ADJ piccolo)) (NOUN ragno)) (ibar (coord (VERB tesse) (CCONJ e) (VERB tace))) (PUNCT .)));;2,829412487;content
7;1;splende;splendere;VERB;root;ROOT;(ROOT (fc (f (ibar (VERB Splende)) (compt (sn (DET il) (NOUN sole)))) (CCONJ e) (f (ibar (VERB soffia)) (compt (sn (DET il) (NOUN vento)))) (PUNCT .)));;3,270104476;content
8;1;il;il;DET;det;sole;(ROOT (fc (f (ibar (VERB Splende)) (compt (sn (DET il) (NOUN sole)))) (CCONJ e) (f (ibar (VERB soffia)) (compt (sn (DET il) (NOUN vento)))) (PUNCT .)));;7,039560886;function
9;1;sole;sole;NOUN;obj;Splende;(ROOT (fc (f (ibar (VERB Splende)) (compt (sn (DET il) (NOUN sole)))) (CCONJ e) (f (ibar (VERB soffia)) (compt (sn (DET il) (NOUN vento)))) (PUNCT .)));3.64 ± 2.22;4,889371768;content
10;1;e;e;CCONJ;cc;soffia;(ROOT (fc (f (ibar (VERB Splende)) (compt (sn (DET il) (NOUN sole)))) (CCONJ e) (f (ibar (VERB soffia)) (compt (sn (DET il) (NOUN vento)))) (PUNCT .)));;2,741151583;function
11;1;soffia;soffiare;VERB;conj;Splende;(ROOT (fc (f (ibar (VERB Splende)) (compt (sn (DET il) (NOUN sole)))) (CCONJ e) (f (ibar (VERB soffia)) (compt (sn (DET il) (NOUN vento)))) (PUNCT .)));4.40 ± 2.75;3,614169104;content
12;1;il;il;DET;det;vento;(ROOT (fc (f (ibar (VERB Splende)) (compt (sn (DET il) (NOUN sole)))) (CCONJ e) (f (ibar (VERB soffia)) (compt (sn (DET il) (NOUN vento)))) (PUNCT .)));;7,039560886;function
13;1;vento;vento;NOUN;obj;soffia;(ROOT (fc (f (ibar (VERB Splende)) (compt (sn (DET il) (NOUN sole)))) (CCONJ e) (f (ibar (VERB soffia)) (compt (sn (DET il) (NOUN vento)))) (PUNCT .)));4.64 ± 1.96;4,536100847;content
14;2;soffia;soffiare;VERB;root;ROOT;(ROOT (fc (f (ibar (VERB Soffia)) (compin (savv (ADV già)) (spd (ADP di) (sn (sa (ADJ buon)) (NOUN mattino))))) (CCONJ e) (f (ibar (VERB porta)) (compt (sp (ADP con) (sn (PRON sé))) (sp (ADP sopra) (sn (DET i) (NOUN campi))) (sn (DET il) (sa (ADJ piccolo)) (NOUN ragno) (PUNCT .))))));4.40 ± 2.75;3,614169104;content
15;2;già;già;ADV;advmod;Soffia;(ROOT (fc (f (ibar (VERB Soffia)) (compin (savv (ADV già)) (spd (ADP di) (sn (sa (ADJ buon)) (NOUN mattino))))) (CCONJ e) (f (ibar (VERB porta)) (compt (sp (ADP con) (sn (PRON sé))) (sp (ADP sopra) (sn (DET i) (NOUN campi))) (sn (DET il) (sa (ADJ piccolo)) (NOUN ragno) (PUNCT .))))));;6,015979163;content
16;2;di;di;ADP;case;mattino;(ROOT (fc (f (ibar (VERB Soffia)) (compin (savv (ADV già)) (spd (ADP di) (sn (sa (ADJ buon)) (NOUN mattino))))) (CCONJ e) (f (ibar (VERB porta)) (compt (sp (ADP con) (sn (PRON sé))) (sp (ADP sopra) (sn (DET i) (NOUN campi))) (sn (DET il) (sa (ADJ piccolo)) (NOUN ragno) (PUNCT .))))));;7,232814475;function
17;2;buon;buono;ADJ;amod;mattino;(ROOT (fc (f (ibar (VERB Soffia)) (compin (savv (ADV già)) (spd (ADP di) (sn (sa (ADJ buon)) (NOUN mattino))))) (CCONJ e) (f (ibar (VERB porta)) (compt (sp (ADP con) (sn (PRON sé))) (sp (ADP sopra) (sn (DET i) (NOUN campi))) (sn (DET il) (sa (ADJ piccolo)) (NOUN ragno) (PUNCT .))))));3.48 ± 1.50;5,376096942;content
18;2;mattino;mattino;NOUN;obl;Soffia;(ROOT (fc (f (ibar (VERB Soffia)) (compin (savv (ADV già)) (spd (ADP di) (sn (sa (ADJ buon)) (NOUN mattino))))) (CCONJ e) (f (ibar (VERB porta)) (compt (sp (ADP con) (sn (PRON sé))) (sp (ADP sopra) (sn (DET i) (NOUN campi))) (sn (DET il) (sa (ADJ piccolo)) (NOUN ragno) (PUNCT .))))));;4,473771833;content
19;2;e;e;CCONJ;cc;porta;(ROOT (fc (f (ibar (VERB Soffia)) (compin (savv (ADV già)) (spd (ADP di) (sn (sa (ADJ buon)) (NOUN mattino))))) (CCONJ e) (f (ibar (VERB porta)) (compt (sp (ADP con) (sn (PRON sé))) (sp (ADP sopra) (sn (DET i) (NOUN campi))) (sn (DET il) (sa (ADJ piccolo)) (NOUN ragno) (PUNCT .))))));;2,741151583;function
20;2;porta;portare;VERB;conj;Soffia;(ROOT (fc (f (ibar (VERB Soffia)) (compin (savv (ADV già)) (spd (ADP di) (sn (sa (ADJ buon)) (NOUN mattino))))) (CCONJ e) (f (ibar (VERB porta)) (compt (sp (ADP con) (sn (PRON sé))) (sp (ADP sopra) (sn (DET i) (NOUN campi))) (sn (DET il) (sa (ADJ piccolo)) (NOUN ragno) (PUNCT .))))));4.52 ± 2.06;5,473918988;content
21;2;con;con;ADP;case;sé;(ROOT (fc (f (ibar (VERB Soffia)) (compin (savv (ADV già)) (spd (ADP di) (sn (sa (ADJ buon)) (NOUN mattino))))) (CCONJ e) (f (ibar (VERB porta)) (compt (sp (ADP con) (sn (PRON sé))) (sp (ADP sopra) (sn (DET i) (NOUN campi))) (sn (DET il) (sa (ADJ piccolo)) (NOUN ragno) (PUNCT .))))));;6,620271703;function
22;2;sé;sé;PRON;obl;porta;(ROOT (fc (f (ibar (VERB Soffia)) (compin (savv (ADV già)) (spd (ADP di) (sn (sa (ADJ buon)) (NOUN mattino))))) (CCONJ e) (f (ibar (VERB porta)) (compt (sp (ADP con) (sn (PRON sé))) (sp (ADP sopra) (sn (DET i) (NOUN campi))) (sn (DET il) (sa (ADJ piccolo)) (NOUN ragno) (PUNCT .))))));;4,255006666;function
23;2;sopra;sopra;ADP;case;campi;(ROOT (fc (f (ibar (VERB Soffia)) (compin (savv (ADV già)) (spd (ADP di) (sn (sa (ADJ buon)) (NOUN mattino))))) (CCONJ e) (f (ibar (VERB porta)) (compt (sp (ADP con) (sn (PRON sé))) (sp (ADP sopra) (sn (DET i) (NOUN campi))) (sn (DET il) (sa (ADJ piccolo)) (NOUN ragno) (PUNCT .))))));;5,153505635;function
24;2;i;il;DET;det;campi;(ROOT (fc (f (ibar (VERB Soffia)) (compin (savv (ADV già)) (spd (ADP di) (sn (sa (ADJ buon)) (NOUN mattino))))) (CCONJ e) (f (ibar (VERB porta)) (compt (sp (ADP con) (sn (PRON sé))) (sp (ADP sopra) (sn (DET i) (NOUN campi))) (sn (DET il) (sa (ADJ piccolo)) (NOUN ragno) (PUNCT .))))));;6,584780852;function
25;2;campi;campo;NOUN;obl;porta;(ROOT (fc (f (ibar (VERB Soffia)) (compin (savv (ADV già)) (spd (ADP di) (sn (sa (ADJ buon)) (NOUN mattino))))) (CCONJ e) (f (ibar (VERB porta)) (compt (sp (ADP con) (sn (PRON sé))) (sp (ADP sopra) (sn (DET i) (NOUN campi))) (sn (DET il) (sa (ADJ piccolo)) (NOUN ragno) (PUNCT .))))));4.52 ± 1.56;4,200161601;content
26;2;il;il;DET;det;ragno;(ROOT (fc (f (ibar (VERB Soffia)) (compin (savv (ADV già)) (spd (ADP di) (sn (sa (ADJ buon)) (NOUN mattino))))) (CCONJ e) (f (ibar (VERB porta)) (compt (sp (ADP con) (sn (PRON sé))) (sp (ADP sopra) (sn (DET i) (NOUN campi))) (sn (DET il) (sa (ADJ piccolo)) (NOUN ragno) (PUNCT .))))));;7,039560886;function
27;2;piccolo;piccolo;ADJ;amod;ragno;(ROOT (fc (f (ibar (VERB Soffia)) (compin (savv (ADV già)) (spd (ADP di) (sn (sa (ADJ buon)) (NOUN mattino))))) (CCONJ e) (f (ibar (VERB porta)) (compt (sp (ADP con) (sn (PRON sé))) (sp (ADP sopra) (sn (DET i) (NOUN campi))) (sn (DET il) (sa (ADJ piccolo)) (NOUN ragno) (PUNCT .))))));4.12 ± 3.18;5,291431625;content
28;2;ragno;ragno;NOUN;obj;porta;(ROOT (fc (f (ibar (VERB Soffia)) (compin (savv (ADV già)) (spd (ADP di) (sn (sa (ADJ buon)) (NOUN mattino))))) (CCONJ e) (f (ibar (VERB porta)) (compt (sp (ADP con) (sn (PRON sé))) (sp (ADP sopra) (sn (DET i) (NOUN campi))) (sn (DET il) (sa (ADJ piccolo)) (NOUN ragno) (PUNCT .))))));4.48 ± 0.96;3,818289087;content
29;3;con;con;ADP;case;argenteo;(ROOT (cp (sp (ADP Con) (sn (DET l') (NOUN argenteo) (sa (ADJ filo)) (sa (ADJ sottile)))) (fc (f (sn (DET il) (sa (ADJ piccolo)) (NOUN ragno)) (ibar (VERB rimane)) (compc (sa (VERB impigliato)) (sp (ADP fra) (sn (DET i) (NOUN pali) (spd (ADP di) (sn (DET un) (NOUN recinto))))) (PUNCT …))) (CCONJ E) (f (ibar (VERB comincia)) (compin (savv (ADV subito)) (sv2 (ADP a) (VERB tessere) (compt (sn (DET la) (sa (DET sua)) (NOUN tela) (PUNCT .)))))))));;6,620271703;function
30;3;l;il;DET;det;argenteo;(ROOT (cp (sp (ADP Con) (sn (DET l') (NOUN argenteo) (sa (ADJ filo)) (sa (ADJ sottile)))) (fc (f (sn (DET il) (sa (ADJ piccolo)) (NOUN ragno)) (ibar (VERB rimane)) (compc (sa (VERB impigliato)) (sp (ADP fra) (sn (DET i) (NOUN pali) (spd (ADP di) (sn (DET un) (NOUN recinto))))) (PUNCT …))) (CCONJ E) (f (ibar (VERB comincia)) (compin (savv (ADV subito)) (sv2 (ADP a) (VERB tessere) (compt (sn (DET la) (sa (DET sua)) (NOUN tela) (PUNCT .)))))))));;6,640107629;function
31;3;argenteo;argenteo;NOUN;obl;rimane;(ROOT (cp (sp (ADP Con) (sn (DET l') (NOUN argenteo) (sa (ADJ filo)) (sa (ADJ sottile)))) (fc (f (sn (DET il) (sa (ADJ piccolo)) (NOUN ragno)) (ibar (VERB rimane)) (compc (sa (VERB impigliato)) (sp (ADP fra) (sn (DET i) (NOUN pali) (spd (ADP di) (sn (DET un) (NOUN recinto))))) (PUNCT …))) (CCONJ E) (f (ibar (VERB comincia)) (compin (savv (ADV subito)) (sv2 (ADP a) (VERB tessere) (compt (sn (DET la) (sa (DET sua)) (NOUN tela) (PUNCT .)))))))));;2,421372151;content
32;3;filo;filo;ADJ;amod;argenteo;(ROOT (cp (sp (ADP Con) (sn (DET l') (NOUN argenteo) (sa (ADJ filo)) (sa (ADJ sottile)))) (fc (f (sn (DET il) (sa (ADJ piccolo)) (NOUN ragno)) (ibar (VERB rimane)) (compc (sa (VERB impigliato)) (sp (ADP fra) (sn (DET i) (NOUN pali) (spd (ADP di) (sn (DET un) (NOUN recinto))))) (PUNCT …))) (CCONJ E) (f (ibar (VERB comincia)) (compin (savv (ADV subito)) (sv2 (ADP a) (VERB tessere) (compt (sn (DET la) (sa (DET sua)) (NOUN tela) (PUNCT .)))))))));;4,325578372;content
33;3;sottile;sottile;ADJ;amod;argenteo;(ROOT (cp (sp (ADP Con) (sn (DET l') (NOUN argenteo) (sa (ADJ filo)) (sa (ADJ sottile)))) (fc (f (sn (DET il) (sa (ADJ piccolo)) (NOUN ragno)) (ibar (VERB rimane)) (compc (sa (VERB impigliato)) (sp (ADP fra) (sn (DET i) (NOUN pali) (spd (ADP di) (sn (DET un) (NOUN recinto))))) (PUNCT …))) (CCONJ E) (f (ibar (VERB comincia)) (compin (savv (ADV subito)) (sv2 (ADP a) (VERB tessere) (compt (sn (DET la) (sa (DET sua)) (NOUN tela) (PUNCT .)))))))));;3,863021088;content
34;3;il;il;DET;det;ragno;(ROOT (cp (sp (ADP Con) (sn (DET l') (NOUN argenteo) (sa (ADJ filo)) (sa (ADJ sottile)))) (fc (f (sn (DET il) (sa (ADJ piccolo)) (NOUN ragno)) (ibar (VERB rimane)) (compc (sa (VERB impigliato)) (sp (ADP fra) (sn (DET i) (NOUN pali) (spd (ADP di) (sn (DET un) (NOUN recinto))))) (PUNCT …))) (CCONJ E) (f (ibar (VERB comincia)) (compin (savv (ADV subito)) (sv2 (ADP a) (VERB tessere) (compt (sn (DET la) (sa (DET sua)) (NOUN tela) (PUNCT .)))))))));;7,039560886;function
35;3;piccolo;piccolo;ADJ;amod;ragno;(ROOT (cp (sp (ADP Con) (sn (DET l') (NOUN argenteo) (sa (ADJ filo)) (sa (ADJ sottile)))) (fc (f (sn (DET il) (sa (ADJ piccolo)) (NOUN ragno)) (ibar (VERB rimane)) (compc (sa (VERB impigliato)) (sp (ADP fra) (sn (DET i) (NOUN pali) (spd (ADP di) (sn (DET un) (NOUN recinto))))) (PUNCT …))) (CCONJ E) (f (ibar (VERB comincia)) (compin (savv (ADV subito)) (sv2 (ADP a) (VERB tessere) (compt (sn (DET la) (sa (DET sua)) (NOUN tela) (PUNCT .)))))))));4.12 ± 3.18;5,291431625;content
36;3;ragno;ragno;NOUN;nsubj;rimane;(ROOT (cp (sp (ADP Con) (sn (DET l') (NOUN argenteo) (sa (ADJ filo)) (sa (ADJ sottile)))) (fc (f (sn (DET il) (sa (ADJ piccolo)) (NOUN ragno)) (ibar (VERB rimane)) (compc (sa (VERB impigliato)) (sp (ADP fra) (sn (DET i) (NOUN pali) (spd (ADP di) (sn (DET un) (NOUN recinto))))) (PUNCT …))) (CCONJ E) (f (ibar (VERB comincia)) (compin (savv (ADV subito)) (sv2 (ADP a) (VERB tessere) (compt (sn (DET la) (sa (DET sua)) (NOUN tela) (PUNCT .)))))))));4.48 ± 0.96;3,818289087;content
37;3;rimane;rimanere;VERB;root;ROOT;(ROOT (cp (sp (ADP Con) (sn (DET l') (NOUN argenteo) (sa (ADJ filo)) (sa (ADJ sottile)))) (fc (f (sn (DET il) (sa (ADJ piccolo)) (NOUN ragno)) (ibar (VERB rimane)) (compc (sa (VERB impigliato)) (sp (ADP fra) (sn (DET i) (NOUN pali) (spd (ADP di) (sn (DET un) (NOUN recinto))))) (PUNCT …))) (CCONJ E) (f (ibar (VERB comincia)) (compin (savv (ADV subito)) (sv2 (ADP a) (VERB tessere) (compt (sn (DET la) (sa (DET sua)) (NOUN tela) (PUNCT .)))))))));;4,524571987;content
38;3;impigliato;impigliare;VERB;xcomp;rimane;(ROOT (cp (sp (ADP Con) (sn (DET l') (NOUN argenteo) (sa (ADJ filo)) (sa (ADJ sottile)))) (fc (f (sn (DET il) (sa (ADJ piccolo)) (NOUN ragno)) (ibar (VERB rimane)) (compc (sa (VERB impigliato)) (sp (ADP fra) (sn (DET i) (NOUN pali) (spd (ADP di) (sn (DET un) (NOUN recinto))))) (PUNCT …))) (CCONJ E) (f (ibar (VERB comincia)) (compin (savv (ADV subito)) (sv2 (ADP a) (VERB tessere) (compt (sn (DET la) (sa (DET sua)) (NOUN tela) (PUNCT .)))))))));;2,834375907;content
39;3;fra;fra;ADP;case;pali;(ROOT (cp (sp (ADP Con) (sn (DET l') (NOUN argenteo) (sa (ADJ filo)) (sa (ADJ sottile)))) (fc (f (sn (DET il) (sa (ADJ piccolo)) (NOUN ragno)) (ibar (VERB rimane)) (compc (sa (VERB impigliato)) (sp (ADP fra) (sn (DET i) (NOUN pali) (spd (ADP di) (sn (DET un) (NOUN recinto))))) (PUNCT …))) (CCONJ E) (f (ibar (VERB comincia)) (compin (savv (ADV subito)) (sv2 (ADP a) (VERB tessere) (compt (sn (DET la) (sa (DET sua)) (NOUN tela) (PUNCT .)))))))));;5,034249462;function
40;3;i;il;DET;det;pali;(ROOT (cp (sp (ADP Con) (sn (DET l') (NOUN argenteo) (sa (ADJ filo)) (sa (ADJ sottile)))) (fc (f (sn (DET il) (sa (ADJ piccolo)) (NOUN ragno)) (ibar (VERB rimane)) (compc (sa (VERB impigliato)) (sp (ADP fra) (sn (DET i) (NOUN pali) (spd (ADP di) (sn (DET un) (NOUN recinto))))) (PUNCT …))) (CCONJ E) (f (ibar (VERB comincia)) (compin (savv (ADV subito)) (sv2 (ADP a) (VERB tessere) (compt (sn (DET la) (sa (DET sua)) (NOUN tela) (PUNCT .)))))))));;6,584780852;function
41;3;pali;palo;NOUN;obl;impigliato;(ROOT (cp (sp (ADP Con) (sn (DET l') (NOUN argenteo) (sa (ADJ filo)) (sa (ADJ sottile)))) (fc (f (sn (DET il) (sa (ADJ piccolo)) (NOUN ragno)) (ibar (VERB rimane)) (compc (sa (VERB impigliato)) (sp (ADP fra) (sn (DET i) (NOUN pali) (spd (ADP di) (sn (DET un) (NOUN recinto))))) (PUNCT …))) (CCONJ E) (f (ibar (VERB comincia)) (compin (savv (ADV subito)) (sv2 (ADP a) (VERB tessere) (compt (sn (DET la) (sa (DET sua)) (NOUN tela) (PUNCT .)))))))));4.92 ± 3.03;3,199523402;content
42;3;di;di;ADP;case;recinto;(ROOT (cp (sp (ADP Con) (sn (DET l') (NOUN argenteo) (sa (ADJ filo)) (sa (ADJ sottile)))) (fc (f (sn (DET il) (sa (ADJ piccolo)) (NOUN ragno)) (ibar (VERB rimane)) (compc (sa (VERB impigliato)) (sp (ADP fra) (sn (DET i) (NOUN pali) (spd (ADP di) (sn (DET un) (NOUN recinto))))) (PUNCT …))) (CCONJ E) (f (ibar (VERB comincia)) (compin (savv (ADV subito)) (sv2 (ADP a) (VERB tessere) (compt (sn (DET la) (sa (DET sua)) (NOUN tela) (PUNCT .)))))))));;7,232814475;function
43;3;un;uno;DET;det;recinto;(ROOT (cp (sp (ADP Con) (sn (DET l') (NOUN argenteo) (sa (ADJ filo)) (sa (ADJ sottile)))) (fc (f (sn (DET il) (sa (ADJ piccolo)) (NOUN ragno)) (ibar (VERB rimane)) (compc (sa (VERB impigliato)) (sp (ADP fra) (sn (DET i) (NOUN pali) (spd (ADP di) (sn (DET un) (NOUN recinto))))) (PUNCT …))) (CCONJ E) (f (ibar (VERB comincia)) (compin (savv (ADV subito)) (sv2 (ADP a) (VERB tessere) (compt (sn (DET la) (sa (DET sua)) (NOUN tela) (PUNCT .)))))))));;7,065833912;function
44;3;recinto;recinto;NOUN;nmod;pali;(ROOT (cp (sp (ADP Con) (sn (DET l') (NOUN argenteo) (sa (ADJ filo)) (sa (ADJ sottile)))) (fc (f (sn (DET il) (sa (ADJ piccolo)) (NOUN ragno)) (ibar (VERB rimane)) (compc (sa (VERB impigliato)) (sp (ADP fra) (sn (DET i) (NOUN pali) (spd (ADP di) (sn (DET un) (NOUN recinto))))) (PUNCT …))) (CCONJ E) (f (ibar (VERB comincia)) (compin (savv (ADV subito)) (sv2 (ADP a) (VERB tessere) (compt (sn (DET la) (sa (DET sua)) (NOUN tela) (PUNCT .)))))))));;3,691982492;content
45;3;e;e;CCONJ;cc;comincia;(ROOT (cp (sp (ADP Con) (sn (DET l') (NOUN argenteo) (sa (ADJ filo)) (sa (ADJ sottile)))) (fc (f (sn (DET il) (sa (ADJ piccolo)) (NOUN ragno)) (ibar (VERB rimane)) (compc (sa (VERB impigliato)) (sp (ADP fra) (sn (DET i) (NOUN pali) (spd (ADP di) (sn (DET un) (NOUN recinto))))) (PUNCT …))) (CCONJ E) (f (ibar (VERB comincia)) (compin (savv (ADV subito)) (sv2 (ADP a) (VERB tessere) (compt (sn (DET la) (sa (DET sua)) (NOUN tela) (PUNCT .)))))))));;2,741151583;function
46;3;comincia;cominciare;VERB;conj;rimane;(ROOT (cp (sp (ADP Con) (sn (DET l') (NOUN argenteo) (sa (ADJ filo)) (sa (ADJ sottile)))) (fc (f (sn (DET il) (sa (ADJ piccolo)) (NOUN ragno)) (ibar (VERB rimane)) (compc (sa (VERB impigliato)) (sp (ADP fra) (sn (DET i) (NOUN pali) (spd (ADP di) (sn (DET un) (NOUN recinto))))) (PUNCT …))) (CCONJ E) (f (ibar (VERB comincia)) (compin (savv (ADV subito)) (sv2 (ADP a) (VERB tessere) (compt (sn (DET la) (sa (DET sua)) (NOUN tela) (PUNCT .)))))))));;4,545415831;content
47;3;subito;subito;ADV;advmod;comincia;(ROOT (cp (sp (ADP Con) (sn (DET l') (NOUN argenteo) (sa (ADJ filo)) (sa (ADJ sottile)))) (fc (f (sn (DET il) (sa (ADJ piccolo)) (NOUN ragno)) (ibar (VERB rimane)) (compc (sa (VERB impigliato)) (sp (ADP fra) (sn (DET i) (NOUN pali) (spd (ADP di) (sn (DET un) (NOUN recinto))))) (PUNCT …))) (CCONJ E) (f (ibar (VERB comincia)) (compin (savv (ADV subito)) (sv2 (ADP a) (VERB tessere) (compt (sn (DET la) (sa (DET sua)) (NOUN tela) (PUNCT .)))))))));;5,515761062;content
48;3;a;a;ADP;mark;tessere;(ROOT (cp (sp (ADP Con) (sn (DET l') (NOUN argenteo) (sa (ADJ filo)) (sa (ADJ sottile)))) (fc (f (sn (DET il) (sa (ADJ piccolo)) (NOUN ragno)) (ibar (VERB rimane)) (compc (sa (VERB impigliato)) (sp (ADP fra) (sn (DET i) (NOUN pali) (spd (ADP di) (sn (DET un) (NOUN recinto))))) (PUNCT …))) (CCONJ E) (f (ibar (VERB comincia)) (compin (savv (ADV subito)) (sv2 (ADP a) (VERB tessere) (compt (sn (DET la) (sa (DET sua)) (NOUN tela) (PUNCT .)))))))));;7,004335738;function
49;3;tessere;tessere;VERB;xcomp;comincia;(ROOT (cp (sp (ADP Con) (sn (DET l') (NOUN argenteo) (sa (ADJ filo)) (sa (ADJ sottile)))) (fc (f (sn (DET il) (sa (ADJ piccolo)) (NOUN ragno)) (ibar (VERB rimane)) (compc (sa (VERB impigliato)) (sp (ADP fra) (sn (DET i) (NOUN pali) (spd (ADP di) (sn (DET un) (NOUN recinto))))) (PUNCT …))) (CCONJ E) (f (ibar (VERB comincia)) (compin (savv (ADV subito)) (sv2 (ADP a) (VERB tessere) (compt (sn (DET la) (sa (DET sua)) (NOUN tela) (PUNCT .)))))))));;3,224346986;content
50;3;la;il;DET;det;tela;(ROOT (cp (sp (ADP Con) (sn (DET l') (NOUN argenteo) (sa (ADJ filo)) (sa (ADJ sottile)))) (fc (f (sn (DET il) (sa (ADJ piccolo)) (NOUN ragno)) (ibar (VERB rimane)) (compc (sa (VERB impigliato)) (sp (ADP fra) (sn (DET i) (NOUN pali) (spd (ADP di) (sn (DET un) (NOUN recinto))))) (PUNCT …))) (CCONJ E) (f (ibar (VERB comincia)) (compin (savv (ADV subito)) (sv2 (ADP a) (VERB tessere) (compt (sn (DET la) (sa (DET sua)) (NOUN tela) (PUNCT .)))))))));;7,055331658;function
51;3;sua;suo;DET;det:poss;tela;(ROOT (cp (sp (ADP Con) (sn (DET l') (NOUN argenteo) (sa (ADJ filo)) (sa (ADJ sottile)))) (fc (f (sn (DET il) (sa (ADJ piccolo)) (NOUN ragno)) (ibar (VERB rimane)) (compc (sa (VERB impigliato)) (sp (ADP fra) (sn (DET i) (NOUN pali) (spd (ADP di) (sn (DET un) (NOUN recinto))))) (PUNCT …))) (CCONJ E) (f (ibar (VERB comincia)) (compin (savv (ADV subito)) (sv2 (ADP a) (VERB tessere) (compt (sn (DET la) (sa (DET sua)) (NOUN tela) (PUNCT .)))))))));;6,022524285;function
52;3;tela;tela;NOUN;obj;tessere;(ROOT (cp (sp (ADP Con) (sn (DET l') (NOUN argenteo) (sa (ADJ filo)) (sa (ADJ sottile)))) (fc (f (sn (DET il) (sa (ADJ piccolo)) (NOUN ragno)) (ibar (VERB rimane)) (compc (sa (VERB impigliato)) (sp (ADP fra) (sn (DET i) (NOUN pali) (spd (ADP di) (sn (DET un) (NOUN recinto))))) (PUNCT …))) (CCONJ E) (f (ibar (VERB comincia)) (compin (savv (ADV subito)) (sv2 (ADP a) (VERB tessere) (compt (sn (DET la) (sa (DET sua)) (NOUN tela) (PUNCT .)))))))));7.84 ± 2.10;3,550758712;content
53;4;arriva;arrivare;VERB;root;ROOT;(ROOT (fc (f (ibar (VERB Arriva)) (compin (sn (DET il) (NOUN cavallo)))) (CCONJ e) (f (ibar (PRON gli) (VERB dice))) (PUNCT :)));;4,940504965;content
54;4;il;il;DET;det;cavallo;(ROOT (fc (f (ibar (VERB Arriva)) (compin (sn (DET il) (NOUN cavallo)))) (CCONJ e) (f (ibar (PRON gli) (VERB dice))) (PUNCT :)));;7,039560886;function
55;4;cavallo;cavallo;NOUN;nsubj;Arriva;(ROOT (fc (f (ibar (VERB Arriva)) (compin (sn (DET il) (NOUN cavallo)))) (CCONJ e) (f (ibar (PRON gli) (VERB dice))) (PUNCT :)));3.92 ± 1.53;4,765822219;content
56;4;e;e;CCONJ;cc;dice;(ROOT (fc (f (ibar (VERB Arriva)) (compin (sn (DET il) (NOUN cavallo)))) (CCONJ e) (f (ibar (PRON gli) (VERB dice))) (PUNCT :)));;2,741151583;function
57;4;gli;gli;PRON;iobj;dice;(ROOT (fc (f (ibar (VERB Arriva)) (compin (sn (DET il) (NOUN cavallo)))) (CCONJ e) (f (ibar (PRON gli) (VERB dice))) (PUNCT :)));;6,227520191;function
58;4;dice;dire;VERB;conj;Arriva;(ROOT (fc (f (ibar (VERB Arriva)) (compin (sn (DET il) (NOUN cavallo)))) (CCONJ e) (f (ibar (PRON gli) (VERB dice))) (PUNCT :)));4.08 ± 1.73;5,609257672;content
59;5;hiii;Hiii;INTJ;root;ROOT;"(ROOT (dirsp (PUNCT "") (sn (INTJ Hiii)) (PUNCT !) (sn (INTJ Hiii)) (PUNCT !)))";;1,367014489;function
60;5;hiii;Hiii;INTJ;discourse;Hiii;"(ROOT (dirsp (PUNCT "") (sn (INTJ Hiii)) (PUNCT !) (sn (INTJ Hiii)) (PUNCT !)))";;1,367014489;function
61;6;vuoi;volere;AUX;aux;venire;(ROOT (fint (f (ibar (AUX Vuoi) (VERB venire)) (compin (sv2 (ADP a) (VERB cavalcare)))) (PUNCT ?)));;5,995743909;function
62;6;venire;venire;VERB;root;ROOT;(ROOT (fint (f (ibar (AUX Vuoi) (VERB venire)) (compin (sv2 (ADP a) (VERB cavalcare)))) (PUNCT ?)));4.80 ± 2.10;5,41855288;content
63;6;a;a;ADP;mark;cavalcare;(ROOT (fint (f (ibar (AUX Vuoi) (VERB venire)) (compin (sv2 (ADP a) (VERB cavalcare)))) (PUNCT ?)));;7,004335738;function
64;6;cavalcare;cavalcare;VERB;xcomp;venire;(ROOT (fint (f (ibar (AUX Vuoi) (VERB venire)) (compin (sv2 (ADP a) (VERB cavalcare)))) (PUNCT ?)));;3,648805127;content
65;8;il;il;DET;det;ragno;(ROOT (f (sn (DET Il) (sa (ADJ piccolo)) (NOUN ragno)) (ibar (coord (VERB tesse) (CCONJ e) (VERB tace))) (PUNCT .)));;7,039560886;function
66;8;piccolo;piccolo;ADJ;amod;ragno;(ROOT (f (sn (DET Il) (sa (ADJ piccolo)) (NOUN ragno)) (ibar (coord (VERB tesse) (CCONJ e) (VERB tace))) (PUNCT .)));4.12 ± 3.18;5,291431625;content
67;8;ragno;ragno;NOUN;nsubj;tesse;(ROOT (f (sn (DET Il) (sa (ADJ piccolo)) (NOUN ragno)) (ibar (coord (VERB tesse) (CCONJ e) (VERB tace))) (PUNCT .)));4.48 ± 0.96;3,818289087;content
68;8;tesse;tessere;VERB;root;ROOT;(ROOT (f (sn (DET Il) (sa (ADJ piccolo)) (NOUN ragno)) (ibar (coord (VERB tesse) (CCONJ e) (VERB tace))) (PUNCT .)));;2,660745246;content
69;8;e;e;CCONJ;cc;tace;(ROOT (f (sn (DET Il) (sa (ADJ piccolo)) (NOUN ragno)) (ibar (coord (VERB tesse) (CCONJ e) (VERB tace))) (PUNCT .)));;2,741151583;function
70;8;tace;tacere;VERB;conj;tesse;(ROOT (f (sn (DET Il) (sa (ADJ piccolo)) (NOUN ragno)) (ibar (coord (VERB tesse) (CCONJ e) (VERB tace))) (PUNCT .)));;2,829412487;content
71;9;arriva;arrivare;VERB;root;ROOT;(ROOT (fc (f (ibar (VERB Arriva)) (compin (sn (DET la) (NOUN mucca)))) (CCONJ e) (f (ibar (PRON gli) (VERB dice))) (PUNCT :)));;4,940504965;content
72;9;la;il;DET;det;mucca;(ROOT (fc (f (ibar (VERB Arriva)) (compin (sn (DET la) (NOUN mucca)))) (CCONJ e) (f (ibar (PRON gli) (VERB dice))) (PUNCT :)));;7,055331658;function
73;9;mucca;mucca;NOUN;nsubj;Arriva;(ROOT (fc (f (ibar (VERB Arriva)) (compin (sn (DET la) (NOUN mucca)))) (CCONJ e) (f (ibar (PRON gli) (VERB dice))) (PUNCT :)));4.00 ± 1.63;3,952851068;content
74;9;e;e;CCONJ;cc;dice;(ROOT (fc (f (ibar (VERB Arriva)) (compin (sn (DET la) (NOUN mucca)))) (CCONJ e) (f (ibar (PRON gli) (VERB dice))) (PUNCT :)));;2,741151583;function
75;9;gli;gli;PRON;iobj;dice;(ROOT (fc (f (ibar (VERB Arriva)) (compin (sn (DET la) (NOUN mucca)))) (CCONJ e) (f (ibar (PRON gli) (VERB dice))) (PUNCT :)));;6,227520191;function
76;9;dice;dire;VERB;conj;Arriva;(ROOT (fc (f (ibar (VERB Arriva)) (compin (sn (DET la) (NOUN mucca)))) (CCONJ e) (f (ibar (PRON gli) (VERB dice))) (PUNCT :)));4.08 ± 1.73;5,609257672;content
77;10;mu;Mu;INTJ;root;ROOT;"(ROOT (dirsp (PUNCT "") (sn (INTJ Mu!) (INTJ Mu!))))";;1,491953226;function
78;10;mu;Mu;INTJ;discourse;Mu!;"(ROOT (dirsp (PUNCT "") (sn (INTJ Mu!) (INTJ Mu!))))";;1,491953226;function
79;11;vuoi;volere;AUX;aux;mangiare;"(ROOT (fint (f (ibar (AUX Vuoi) (VERB mangiare)) (compt (sn (DET un) (PRON po') (coord (spd (ADP di) (sn (NOUN fieno))) (CCONJ e) (spd (ADP di) (sn (NOUN avena))))))) (PUNCT ?) (PUNCT "") (PUNCT .)))";;5,995743909;function
80;11;mangiare;mangiare;VERB;root;ROOT;"(ROOT (fint (f (ibar (AUX Vuoi) (VERB mangiare)) (compt (sn (DET un) (PRON po') (coord (spd (ADP di) (sn (NOUN fieno))) (CCONJ e) (spd (ADP di) (sn (NOUN avena))))))) (PUNCT ?) (PUNCT "") (PUNCT .)))";3.24 ± 1.74;5,112999615;content
81;11;un;uno;DET;det;po';"(ROOT (fint (f (ibar (AUX Vuoi) (VERB mangiare)) (compt (sn (DET un) (PRON po') (coord (spd (ADP di) (sn (NOUN fieno))) (CCONJ e) (spd (ADP di) (sn (NOUN avena))))))) (PUNCT ?) (PUNCT "") (PUNCT .)))";;7,065833912;function
82;11;po;poco;PRON;obj;mangiare;"(ROOT (fint (f (ibar (AUX Vuoi) (VERB mangiare)) (compt (sn (DET un) (PRON po') (coord (spd (ADP di) (sn (NOUN fieno))) (CCONJ e) (spd (ADP di) (sn (NOUN avena))))))) (PUNCT ?) (PUNCT "") (PUNCT .)))";;4,399095757;function
83;11;di;di;ADP;case;fieno;"(ROOT (fint (f (ibar (AUX Vuoi) (VERB mangiare)) (compt (sn (DET un) (PRON po') (coord (spd (ADP di) (sn (NOUN fieno))) (CCONJ e) (spd (ADP di) (sn (NOUN avena))))))) (PUNCT ?) (PUNCT "") (PUNCT .)))";;7,232814475;function
84;11;fieno;fieno;NOUN;nmod;po';"(ROOT (fint (f (ibar (AUX Vuoi) (VERB mangiare)) (compt (sn (DET un) (PRON po') (coord (spd (ADP di) (sn (NOUN fieno))) (CCONJ e) (spd (ADP di) (sn (NOUN avena))))))) (PUNCT ?) (PUNCT "") (PUNCT .)))";6.24 ± 1.67;3,374193074;content
85;11;e;e;CCONJ;cc;avena;"(ROOT (fint (f (ibar (AUX Vuoi) (VERB mangiare)) (compt (sn (DET un) (PRON po') (coord (spd (ADP di) (sn (NOUN fieno))) (CCONJ e) (spd (ADP di) (sn (NOUN avena))))))) (PUNCT ?) (PUNCT "") (PUNCT .)))";;2,741151583;function
86;11;di;di;ADP;case;avena;"(ROOT (fint (f (ibar (AUX Vuoi) (VERB mangiare)) (compt (sn (DET un) (PRON po') (coord (spd (ADP di) (sn (NOUN fieno))) (CCONJ e) (spd (ADP di) (sn (NOUN avena))))))) (PUNCT ?) (PUNCT "") (PUNCT .)))";;7,232814475;function
87;11;avena;avena;NOUN;conj;fieno;"(ROOT (fint (f (ibar (AUX Vuoi) (VERB mangiare)) (compt (sn (DET un) (PRON po') (coord (spd (ADP di) (sn (NOUN fieno))) (CCONJ e) (spd (ADP di) (sn (NOUN avena))))))) (PUNCT ?) (PUNCT "") (PUNCT .)))";;3,340142343;content
88;12;il;il;DET;det;ragno;(ROOT (f (sn (DET Il) (sa (ADJ piccolo)) (NOUN ragno)) (ibar (coord (VERB tesse) (CCONJ e) (VERB tace))) (PUNCT .)));;7,039560886;function
89;12;piccolo;piccolo;ADJ;amod;ragno;(ROOT (f (sn (DET Il) (sa (ADJ piccolo)) (NOUN ragno)) (ibar (coord (VERB tesse) (CCONJ e) (VERB tace))) (PUNCT .)));4.12 ± 3.18;5,291431625;content
90;12;ragno;ragno;NOUN;nsubj;tesse;(ROOT (f (sn (DET Il) (sa (ADJ piccolo)) (NOUN ragno)) (ibar (coord (VERB tesse) (CCONJ e) (VERB tace))) (PUNCT .)));4.48 ± 0.96;3,818289087;content
91;12;tesse;tessere;VERB;root;ROOT;(ROOT (f (sn (DET Il) (sa (ADJ piccolo)) (NOUN ragno)) (ibar (coord (VERB tesse) (CCONJ e) (VERB tace))) (PUNCT .)));;2,660745246;content
92;12;e;e;CCONJ;cc;tace;(ROOT (f (sn (DET Il) (sa (ADJ piccolo)) (NOUN ragno)) (ibar (coord (VERB tesse) (CCONJ e) (VERB tace))) (PUNCT .)));;2,741151583;function
93;12;tace;tacere;VERB;conj;tesse;(ROOT (f (sn (DET Il) (sa (ADJ piccolo)) (NOUN ragno)) (ibar (coord (VERB tesse) (CCONJ e) (VERB tace))) (PUNCT .)));;2,829412487;content
94;13;arriva;arrivare;VERB;root;ROOT;(ROOT (fc (f (ibar (VERB Arriva)) (compin (sn (DET la) (NOUN pecora)))) (CCONJ e) (f (ibar (PRON gli) (VERB dice))) (PUNCT :)));;4,940504965;content
95;13;la;il;DET;det;pecora;(ROOT (fc (f (ibar (VERB Arriva)) (compin (sn (DET la) (NOUN pecora)))) (CCONJ e) (f (ibar (PRON gli) (VERB dice))) (PUNCT :)));;7,055331658;function
96;13;pecora;pecora;NOUN;nsubj;Arriva;(ROOT (fc (f (ibar (VERB Arriva)) (compin (sn (DET la) (NOUN pecora)))) (CCONJ e) (f (ibar (PRON gli) (VERB dice))) (PUNCT :)));3.28 ± 1.21;3,645005501;content
97;13;e;e;CCONJ;cc;dice;(ROOT (fc (f (ibar (VERB Arriva)) (compin (sn (DET la) (NOUN pecora)))) (CCONJ e) (f (ibar (PRON gli) (VERB dice))) (PUNCT :)));;2,741151583;function
98;13;gli;gli;PRON;iobj;dice;(ROOT (fc (f (ibar (VERB Arriva)) (compin (sn (DET la) (NOUN pecora)))) (CCONJ e) (f (ibar (PRON gli) (VERB dice))) (PUNCT :)));;6,227520191;function
99;13;dice;dire;VERB;conj;Arriva;(ROOT (fc (f (ibar (VERB Arriva)) (compin (sn (DET la) (NOUN pecora)))) (CCONJ e) (f (ibar (PRON gli) (VERB dice))) (PUNCT :)));4.08 ± 1.73;5,609257672;content
100;14;bee;Bee;INTJ;root;ROOT;"(ROOT (cp (dirsp (PUNCT "") (sn (INTJ Bee!) (PROPN Bee))) (PUNCT !)))";;;function
101;14;bee;Bee;PROPN;vocative;Bee!;"(ROOT (cp (dirsp (PUNCT "") (sn (INTJ Bee!) (PROPN Bee))) (PUNCT !)))";;;content
102;15;andiamo;andare;VERB;root;ROOT;"(ROOT (fint (f (ibar (VERB Andiamo)) (compin (savv (ADV insieme)) (sp (ADP per) (sn (NOUN prati))))) (PUNCT ?) (PUNCT "") (PUNCT .)))";4.20 ± 1.44;5,868904099;content
103;15;insieme;insieme;ADV;advmod;Andiamo;"(ROOT (fint (f (ibar (VERB Andiamo)) (compin (savv (ADV insieme)) (sp (ADP per) (sn (NOUN prati))))) (PUNCT ?) (PUNCT "") (PUNCT .)))";;5,500638545;content
104;15;per;per;ADP;case;prati;"(ROOT (fint (f (ibar (VERB Andiamo)) (compin (savv (ADV insieme)) (sp (ADP per) (sn (NOUN prati))))) (PUNCT ?) (PUNCT "") (PUNCT .)))";;6,912435835;function
105;15;prati;prato;NOUN;obl;Andiamo;"(ROOT (fint (f (ibar (VERB Andiamo)) (compin (savv (ADV insieme)) (sp (ADP per) (sn (NOUN prati))))) (PUNCT ?) (PUNCT "") (PUNCT .)))";4.96 ± 2.21;3,112609706;content
106;16;il;il;DET;det;ragno;(ROOT (f (sn (DET Il) (sa (ADJ piccolo)) (NOUN ragno)) (ibar (coord (VERB tesse) (CCONJ e) (VERB tace))) (PUNCT .)));;7,039560886;function
107;16;piccolo;piccolo;ADJ;amod;ragno;(ROOT (f (sn (DET Il) (sa (ADJ piccolo)) (NOUN ragno)) (ibar (coord (VERB tesse) (CCONJ e) (VERB tace))) (PUNCT .)));4.12 ± 3.18;5,291431625;content
108;16;ragno;ragno;NOUN;nsubj;tesse;(ROOT (f (sn (DET Il) (sa (ADJ piccolo)) (NOUN ragno)) (ibar (coord (VERB tesse) (CCONJ e) (VERB tace))) (PUNCT .)));4.48 ± 0.96;3,818289087;content
109;16;tesse;tessere;VERB;root;ROOT;(ROOT (f (sn (DET Il) (sa (ADJ piccolo)) (NOUN ragno)) (ibar (coord (VERB tesse) (CCONJ e) (VERB tace))) (PUNCT .)));;2,660745246;content
110;16;e;e;CCONJ;cc;tace;(ROOT (f (sn (DET Il) (sa (ADJ piccolo)) (NOUN ragno)) (ibar (coord (VERB tesse) (CCONJ e) (VERB tace))) (PUNCT .)));;2,741151583;function
111;16;tace;tacere;VERB;conj;tesse;(ROOT (f (sn (DET Il) (sa (ADJ piccolo)) (NOUN ragno)) (ibar (coord (VERB tesse) (CCONJ e) (VERB tace))) (PUNCT .)));;2,829412487;content
112;17;arriva;arrivare;VERB;root;ROOT;(ROOT (fc (f (ibar (VERB Arriva)) (compin (sn (DET la) (NOUN capra)))) (CCONJ e) (f (ibar (PRON gli) (VERB dice))) (PUNCT :)));;4,940504965;content
113;17;la;il;DET;det;capra;(ROOT (fc (f (ibar (VERB Arriva)) (compin (sn (DET la) (NOUN capra)))) (CCONJ e) (f (ibar (PRON gli) (VERB dice))) (PUNCT :)));;7,055331658;function
114;17;capra;capra;NOUN;nsubj;Arriva;(ROOT (fc (f (ibar (VERB Arriva)) (compin (sn (DET la) (NOUN capra)))) (CCONJ e) (f (ibar (PRON gli) (VERB dice))) (PUNCT :)));3.52 ± 1.29;3,85226257;content
115;17;e;e;CCONJ;cc;dice;(ROOT (fc (f (ibar (VERB Arriva)) (compin (sn (DET la) (NOUN capra)))) (CCONJ e) (f (ibar (PRON gli) (VERB dice))) (PUNCT :)));;2,741151583;function
116;17;gli;gli;PRON;iobj;dice;(ROOT (fc (f (ibar (VERB Arriva)) (compin (sn (DET la) (NOUN capra)))) (CCONJ e) (f (ibar (PRON gli) (VERB dice))) (PUNCT :)));;6,227520191;function
117;17;dice;dire;VERB;conj;Arriva;(ROOT (fc (f (ibar (VERB Arriva)) (compin (sn (DET la) (NOUN capra)))) (CCONJ e) (f (ibar (PRON gli) (VERB dice))) (PUNCT :)));4.08 ± 1.73;5,609257672;content
118;18;mee;Mee;INTJ;discourse;Facciamo;"(ROOT (dirsp (PUNCT "") (sn (INTJ Mee!) (INTJ Mee!)) (f (ibar (VERB Facciamo)) (compt (fint (PRON chi) (f (ibar (VERB salta)) (compt (savv (ADP di) (ADV più))))))) (PUNCT ?) (PUNCT "") (PUNCT .)))";;;function
119;18;mee;Mee;INTJ;discourse;Facciamo;"(ROOT (dirsp (PUNCT "") (sn (INTJ Mee!) (INTJ Mee!)) (f (ibar (VERB Facciamo)) (compt (fint (PRON chi) (f (ibar (VERB salta)) (compt (savv (ADP di) (ADV più))))))) (PUNCT ?) (PUNCT "") (PUNCT .)))";;;function
120;18;facciamo;fare;VERB;root;ROOT;"(ROOT (dirsp (PUNCT "") (sn (INTJ Mee!) (INTJ Mee!)) (f (ibar (VERB Facciamo)) (compt (fint (PRON chi) (f (ibar (VERB salta)) (compt (savv (ADP di) (ADV più))))))) (PUNCT ?) (PUNCT "") (PUNCT .)))";4.40 ± 2.22;5,388300287;content
121;18;chi;chi;PRON;obj;Facciamo;"(ROOT (dirsp (PUNCT "") (sn (INTJ Mee!) (INTJ Mee!)) (f (ibar (VERB Facciamo)) (compt (fint (PRON chi) (f (ibar (VERB salta)) (compt (savv (ADP di) (ADV più))))))) (PUNCT ?) (PUNCT "") (PUNCT .)))";;6,108444494;function
122;18;salta;saltare;VERB;acl:relcl;chi;"(ROOT (dirsp (PUNCT "") (sn (INTJ Mee!) (INTJ Mee!)) (f (ibar (VERB Facciamo)) (compt (fint (PRON chi) (f (ibar (VERB salta)) (compt (savv (ADP di) (ADV più))))))) (PUNCT ?) (PUNCT "") (PUNCT .)))";3.48 ± 1.66;4,385576302;content
123;18;di;di;ADP;case;più;"(ROOT (dirsp (PUNCT "") (sn (INTJ Mee!) (INTJ Mee!)) (f (ibar (VERB Facciamo)) (compt (fint (PRON chi) (f (ibar (VERB salta)) (compt (savv (ADP di) (ADV più))))))) (PUNCT ?) (PUNCT "") (PUNCT .)))";;7,232814475;function
124;18;più;più;ADV;advmod;salta;"(ROOT (dirsp (PUNCT "") (sn (INTJ Mee!) (INTJ Mee!)) (f (ibar (VERB Facciamo)) (compt (fint (PRON chi) (f (ibar (VERB salta)) (compt (savv (ADP di) (ADV più))))))) (PUNCT ?) (PUNCT "") (PUNCT .)))";;6,382555861;content
125;19;il;il;DET;det;ragno;(ROOT (f (sn (DET Il) (sa (ADJ piccolo)) (NOUN ragno)) (ibar (coord (VERB tesse) (CCONJ e) (VERB tace))) (PUNCT .)));;7,039560886;function
126;19;piccolo;piccolo;ADJ;amod;ragno;(ROOT (f (sn (DET Il) (sa (ADJ piccolo)) (NOUN ragno)) (ibar (coord (VERB tesse) (CCONJ e) (VERB tace))) (PUNCT .)));4.12 ± 3.18;5,291431625;content
127;19;ragno;ragno;NOUN;nsubj;tesse;(ROOT (f (sn (DET Il) (sa (ADJ piccolo)) (NOUN ragno)) (ibar (coord (VERB tesse) (CCONJ e) (VERB tace))) (PUNCT .)));4.48 ± 0.96;3,818289087;content
128;19;tesse;tessere;VERB;root;ROOT;(ROOT (f (sn (DET Il) (sa (ADJ piccolo)) (NOUN ragno)) (ibar (coord (VERB tesse) (CCONJ e) (VERB tace))) (PUNCT .)));;2,660745246;content
129;19;e;e;CCONJ;cc;tace;(ROOT (f (sn (DET Il) (sa (ADJ piccolo)) (NOUN ragno)) (ibar (coord (VERB tesse) (CCONJ e) (VERB tace))) (PUNCT .)));;2,741151583;function
130;19;tace;tacere;VERB;conj;tesse;(ROOT (f (sn (DET Il) (sa (ADJ piccolo)) (NOUN ragno)) (ibar (coord (VERB tesse) (CCONJ e) (VERB tace))) (PUNCT .)));;2,829412487;content
131;20;arriva;arrivare;VERB;root;ROOT;"(ROOT (fc (f (ibar (VERB Arriva)) (compin (sn (DET il) (NOUN maiale)))) (CCONJ e) (f (ibar (PRON gli) (VERB dice)) (dirsp (PUNCT :) (PUNCT "") (cp (sn (PROPN Gronf!) (PROPN Gronf!)) (PUNCT ,) (fs (SCONJ perché) (f (ibar (ADV non) (VERB andiamo)) (compin (sv2 (ADP a) (VERB rotolar) (compt (PRON ci) (sp (ADP in) (sn (DET il) (NOUN prato))))))))) (PUNCT ?) (PUNCT "") (PUNCT .)))))";;4,940504965;content
132;20;il;il;DET;det;maiale;"(ROOT (fc (f (ibar (VERB Arriva)) (compin (sn (DET il) (NOUN maiale)))) (CCONJ e) (f (ibar (PRON gli) (VERB dice)) (dirsp (PUNCT :) (PUNCT "") (cp (sn (PROPN Gronf!) (PROPN Gronf!)) (PUNCT ,) (fs (SCONJ perché) (f (ibar (ADV non) (VERB andiamo)) (compin (sv2 (ADP a) (VERB rotolar) (compt (PRON ci) (sp (ADP in) (sn (DET il) (NOUN prato))))))))) (PUNCT ?) (PUNCT "") (PUNCT .)))))";;7,039560886;function
133;20;maiale;maiale;NOUN;nsubj;Arriva;"(ROOT (fc (f (ibar (VERB Arriva)) (compin (sn (DET il) (NOUN maiale)))) (CCONJ e) (f (ibar (PRON gli) (VERB dice)) (dirsp (PUNCT :) (PUNCT "") (cp (sn (PROPN Gronf!) (PROPN Gronf!)) (PUNCT ,) (fs (SCONJ perché) (f (ibar (ADV non) (VERB andiamo)) (compin (sv2 (ADP a) (VERB rotolar) (compt (PRON ci) (sp (ADP in) (sn (DET il) (NOUN prato))))))))) (PUNCT ?) (PUNCT "") (PUNCT .)))))";4.20 ± 1.61;4,362357131;content
134;20;e;e;CCONJ;cc;dice;"(ROOT (fc (f (ibar (VERB Arriva)) (compin (sn (DET il) (NOUN maiale)))) (CCONJ e) (f (ibar (PRON gli) (VERB dice)) (dirsp (PUNCT :) (PUNCT "") (cp (sn (PROPN Gronf!) (PROPN Gronf!)) (PUNCT ,) (fs (SCONJ perché) (f (ibar (ADV non) (VERB andiamo)) (compin (sv2 (ADP a) (VERB rotolar) (compt (PRON ci) (sp (ADP in) (sn (DET il) (NOUN prato))))))))) (PUNCT ?) (PUNCT "") (PUNCT .)))))";;2,741151583;function
135;20;gli;gli;PRON;iobj;dice;"(ROOT (fc (f (ibar (VERB Arriva)) (compin (sn (DET il) (NOUN maiale)))) (CCONJ e) (f (ibar (PRON gli) (VERB dice)) (dirsp (PUNCT :) (PUNCT "") (cp (sn (PROPN Gronf!) (PROPN Gronf!)) (PUNCT ,) (fs (SCONJ perché) (f (ibar (ADV non) (VERB andiamo)) (compin (sv2 (ADP a) (VERB rotolar) (compt (PRON ci) (sp (ADP in) (sn (DET il) (NOUN prato))))))))) (PUNCT ?) (PUNCT "") (PUNCT .)))))";;6,227520191;function
136;20;dice;dire;VERB;conj;Arriva;"(ROOT (fc (f (ibar (VERB Arriva)) (compin (sn (DET il) (NOUN maiale)))) (CCONJ e) (f (ibar (PRON gli) (VERB dice)) (dirsp (PUNCT :) (PUNCT "") (cp (sn (PROPN Gronf!) (PROPN Gronf!)) (PUNCT ,) (fs (SCONJ perché) (f (ibar (ADV non) (VERB andiamo)) (compin (sv2 (ADP a) (VERB rotolar) (compt (PRON ci) (sp (ADP in) (sn (DET il) (NOUN prato))))))))) (PUNCT ?) (PUNCT "") (PUNCT .)))))";4.08 ± 1.73;5,609257672;content
137;20;gronf;Gronf;PROPN;parataxis;dice;"(ROOT (fc (f (ibar (VERB Arriva)) (compin (sn (DET il) (NOUN maiale)))) (CCONJ e) (f (ibar (PRON gli) (VERB dice)) (dirsp (PUNCT :) (PUNCT "") (cp (sn (PROPN Gronf!) (PROPN Gronf!)) (PUNCT ,) (fs (SCONJ perché) (f (ibar (ADV non) (VERB andiamo)) (compin (sv2 (ADP a) (VERB rotolar) (compt (PRON ci) (sp (ADP in) (sn (DET il) (NOUN prato))))))))) (PUNCT ?) (PUNCT "") (PUNCT .)))))";;;content
138;20;gronf;Gronf;PROPN;flat:name;Gronf!;"(ROOT (fc (f (ibar (VERB Arriva)) (compin (sn (DET il) (NOUN maiale)))) (CCONJ e) (f (ibar (PRON gli) (VERB dice)) (dirsp (PUNCT :) (PUNCT "") (cp (sn (PROPN Gronf!) (PROPN Gronf!)) (PUNCT ,) (fs (SCONJ perché) (f (ibar (ADV non) (VERB andiamo)) (compin (sv2 (ADP a) (VERB rotolar) (compt (PRON ci) (sp (ADP in) (sn (DET il) (NOUN prato))))))))) (PUNCT ?) (PUNCT "") (PUNCT .)))))";;;content
139;20;perché;perché;SCONJ;mark;andiamo;"(ROOT (fc (f (ibar (VERB Arriva)) (compin (sn (DET il) (NOUN maiale)))) (CCONJ e) (f (ibar (PRON gli) (VERB dice)) (dirsp (PUNCT :) (PUNCT "") (cp (sn (PROPN Gronf!) (PROPN Gronf!)) (PUNCT ,) (fs (SCONJ perché) (f (ibar (ADV non) (VERB andiamo)) (compin (sv2 (ADP a) (VERB rotolar) (compt (PRON ci) (sp (ADP in) (sn (DET il) (NOUN prato))))))))) (PUNCT ?) (PUNCT "") (PUNCT .)))))";;5,965637226;function
140;20;non;non;ADV;advmod;andiamo;"(ROOT (fc (f (ibar (VERB Arriva)) (compin (sn (DET il) (NOUN maiale)))) (CCONJ e) (f (ibar (PRON gli) (VERB dice)) (dirsp (PUNCT :) (PUNCT "") (cp (sn (PROPN Gronf!) (PROPN Gronf!)) (PUNCT ,) (fs (SCONJ perché) (f (ibar (ADV non) (VERB andiamo)) (compin (sv2 (ADP a) (VERB rotolar) (compt (PRON ci) (sp (ADP in) (sn (DET il) (NOUN prato))))))))) (PUNCT ?) (PUNCT "") (PUNCT .)))))";;7,259198169;content
141;20;andiamo;andare;VERB;advcl;Arriva;"(ROOT (fc (f (ibar (VERB Arriva)) (compin (sn (DET il) (NOUN maiale)))) (CCONJ e) (f (ibar (PRON gli) (VERB dice)) (dirsp (PUNCT :) (PUNCT "") (cp (sn (PROPN Gronf!) (PROPN Gronf!)) (PUNCT ,) (fs (SCONJ perché) (f (ibar (ADV non) (VERB andiamo)) (compin (sv2 (ADP a) (VERB rotolar) (compt (PRON ci) (sp (ADP in) (sn (DET il) (NOUN prato))))))))) (PUNCT ?) (PUNCT "") (PUNCT .)))))";4.20 ± 1.44;5,868904099;content
142;20;a;a;ADP;mark;rotolar;"(ROOT (fc (f (ibar (VERB Arriva)) (compin (sn (DET il) (NOUN maiale)))) (CCONJ e) (f (ibar (PRON gli) (VERB dice)) (dirsp (PUNCT :) (PUNCT "") (cp (sn (PROPN Gronf!) (PROPN Gronf!)) (PUNCT ,) (fs (SCONJ perché) (f (ibar (ADV non) (VERB andiamo)) (compin (sv2 (ADP a) (VERB rotolar) (compt (PRON ci) (sp (ADP in) (sn (DET il) (NOUN prato))))))))) (PUNCT ?) (PUNCT "") (PUNCT .)))))";;7,004335738;function
143;20;rotolar;rotolare;VERB;xcomp;andiamo;"(ROOT (fc (f (ibar (VERB Arriva)) (compin (sn (DET il) (NOUN maiale)))) (CCONJ e) (f (ibar (PRON gli) (VERB dice)) (dirsp (PUNCT :) (PUNCT "") (cp (sn (PROPN Gronf!) (PROPN Gronf!)) (PUNCT ,) (fs (SCONJ perché) (f (ibar (ADV non) (VERB andiamo)) (compin (sv2 (ADP a) (VERB rotolar) (compt (PRON ci) (sp (ADP in) (sn (DET il) (NOUN prato))))))))) (PUNCT ?) (PUNCT "") (PUNCT .)))))";;;content
144;20;ci;ci;PRON;expl;rotolar;"(ROOT (fc (f (ibar (VERB Arriva)) (compin (sn (DET il) (NOUN maiale)))) (CCONJ e) (f (ibar (PRON gli) (VERB dice)) (dirsp (PUNCT :) (PUNCT "") (cp (sn (PROPN Gronf!) (PROPN Gronf!)) (PUNCT ,) (fs (SCONJ perché) (f (ibar (ADV non) (VERB andiamo)) (compin (sv2 (ADP a) (VERB rotolar) (compt (PRON ci) (sp (ADP in) (sn (DET il) (NOUN prato))))))))) (PUNCT ?) (PUNCT "") (PUNCT .)))))";;6,517126939;function
145;20;in;in;ADP;case;prato;"(ROOT (fc (f (ibar (VERB Arriva)) (compin (sn (DET il) (NOUN maiale)))) (CCONJ e) (f (ibar (PRON gli) (VERB dice)) (dirsp (PUNCT :) (PUNCT "") (cp (sn (PROPN Gronf!) (PROPN Gronf!)) (PUNCT ,) (fs (SCONJ perché) (f (ibar (ADV non) (VERB andiamo)) (compin (sv2 (ADP a) (VERB rotolar) (compt (PRON ci) (sp (ADP in) (sn (DET il) (NOUN prato))))))))) (PUNCT ?) (PUNCT "") (PUNCT .)))))";;6,797274494;function
146;20;il;il;DET;det;prato;"(ROOT (fc (f (ibar (VERB Arriva)) (compin (sn (DET il) (NOUN maiale)))) (CCONJ e) (f (ibar (PRON gli) (VERB dice)) (dirsp (PUNCT :) (PUNCT "") (cp (sn (PROPN Gronf!) (PROPN Gronf!)) (PUNCT ,) (fs (SCONJ perché) (f (ibar (ADV non) (VERB andiamo)) (compin (sv2 (ADP a) (VERB rotolar) (compt (PRON ci) (sp (ADP in) (sn (DET il) (NOUN prato))))))))) (PUNCT ?) (PUNCT "") (PUNCT .)))))";;7,039560886;function
147;20;prato;prato;NOUN;obl;rotolar;"(ROOT (fc (f (ibar (VERB Arriva)) (compin (sn (DET il) (NOUN maiale)))) (CCONJ e) (f (ibar (PRON gli) (VERB dice)) (dirsp (PUNCT :) (PUNCT "") (cp (sn (PROPN Gronf!) (PROPN Gronf!)) (PUNCT ,) (fs (SCONJ perché) (f (ibar (ADV non) (VERB andiamo)) (compin (sv2 (ADP a) (VERB rotolar) (compt (PRON ci) (sp (ADP in) (sn (DET il) (NOUN prato))))))))) (PUNCT ?) (PUNCT "") (PUNCT .)))))";4.96 ± 2.21;3,865325043;content
148;21;il;il;DET;det;ragno;(ROOT (f (sn (DET Il) (sa (ADJ piccolo)) (NOUN ragno)) (ibar (coord (VERB tesse) (CCONJ e) (VERB tace))) (PUNCT .)));;7,039560886;function
149;21;piccolo;piccolo;ADJ;amod;ragno;(ROOT (f (sn (DET Il) (sa (ADJ piccolo)) (NOUN ragno)) (ibar (coord (VERB tesse) (CCONJ e) (VERB tace))) (PUNCT .)));4.12 ± 3.18;5,291431625;content
150;21;ragno;ragno;NOUN;nsubj;tesse;(ROOT (f (sn (DET Il) (sa (ADJ piccolo)) (NOUN ragno)) (ibar (coord (VERB tesse) (CCONJ e) (VERB tace))) (PUNCT .)));4.48 ± 0.96;3,818289087;content
151;21;tesse;tessere;VERB;root;ROOT;(ROOT (f (sn (DET Il) (sa (ADJ piccolo)) (NOUN ragno)) (ibar (coord (VERB tesse) (CCONJ e) (VERB tace))) (PUNCT .)));;2,660745246;content
152;21;e;e;CCONJ;cc;tace;(ROOT (f (sn (DET Il) (sa (ADJ piccolo)) (NOUN ragno)) (ibar (coord (VERB tesse) (CCONJ e) (VERB tace))) (PUNCT .)));;2,741151583;function
153;21;tace;tacere;VERB;conj;tesse;(ROOT (f (sn (DET Il) (sa (ADJ piccolo)) (NOUN ragno)) (ibar (coord (VERB tesse) (CCONJ e) (VERB tace))) (PUNCT .)));;2,829412487;content
154;22;arriva;arrivare;VERB;root;ROOT;"(ROOT (fc (f (ibar (VERB Arriva)) (compin (sn (DET il) (NOUN cane)))) (CCONJ e) (f (ibar (PRON gli) (VERB dice)) (dirsp (PUNCT :) (PUNCT "") (f (sn (INTJ Bau!) (INTJ Bau!)) (ibar (VERB Vieni))) (PUNCT ,) (fac (SCONJ che) (f (ibar (VERB andiamo)) (compin (sp (ADP a) (sn (NOUN caccia) (spd (ADP di) (sn (DET il) (NOUN gatto)))))))) (PUNCT !) (PUNCT "") (PUNCT .)))))";;4,940504965;content
155;22;il;il;DET;det;cane;"(ROOT (fc (f (ibar (VERB Arriva)) (compin (sn (DET il) (NOUN cane)))) (CCONJ e) (f (ibar (PRON gli) (VERB dice)) (dirsp (PUNCT :) (PUNCT "") (f (sn (INTJ Bau!) (INTJ Bau!)) (ibar (VERB Vieni))) (PUNCT ,) (fac (SCONJ che) (f (ibar (VERB andiamo)) (compin (sp (ADP a) (sn (NOUN caccia) (spd (ADP di) (sn (DET il) (NOUN gatto)))))))) (PUNCT !) (PUNCT "") (PUNCT .)))))";;7,039560886;function
156;22;cane;cane;NOUN;nsubj;Arriva;"(ROOT (fc (f (ibar (VERB Arriva)) (compin (sn (DET il) (NOUN cane)))) (CCONJ e) (f (ibar (PRON gli) (VERB dice)) (dirsp (PUNCT :) (PUNCT "") (f (sn (INTJ Bau!) (INTJ Bau!)) (ibar (VERB Vieni))) (PUNCT ,) (fac (SCONJ che) (f (ibar (VERB andiamo)) (compin (sp (ADP a) (sn (NOUN caccia) (spd (ADP di) (sn (DET il) (NOUN gatto)))))))) (PUNCT !) (PUNCT "") (PUNCT .)))))";2.76 ± 1.23;5,020066123;content
157;22;e;e;CCONJ;cc;dice;"(ROOT (fc (f (ibar (VERB Arriva)) (compin (sn (DET il) (NOUN cane)))) (CCONJ e) (f (ibar (PRON gli) (VERB dice)) (dirsp (PUNCT :) (PUNCT "") (f (sn (INTJ Bau!) (INTJ Bau!)) (ibar (VERB Vieni))) (PUNCT ,) (fac (SCONJ che) (f (ibar (VERB andiamo)) (compin (sp (ADP a) (sn (NOUN caccia) (spd (ADP di) (sn (DET il) (NOUN gatto)))))))) (PUNCT !) (PUNCT "") (PUNCT .)))))";;2,741151583;function
158;22;gli;gli;PRON;iobj;dice;"(ROOT (fc (f (ibar (VERB Arriva)) (compin (sn (DET il) (NOUN cane)))) (CCONJ e) (f (ibar (PRON gli) (VERB dice)) (dirsp (PUNCT :) (PUNCT "") (f (sn (INTJ Bau!) (INTJ Bau!)) (ibar (VERB Vieni))) (PUNCT ,) (fac (SCONJ che) (f (ibar (VERB andiamo)) (compin (sp (ADP a) (sn (NOUN caccia) (spd (ADP di) (sn (DET il) (NOUN gatto)))))))) (PUNCT !) (PUNCT "") (PUNCT .)))))";;6,227520191;function
159;22;dice;dire;VERB;conj;Arriva;"(ROOT (fc (f (ibar (VERB Arriva)) (compin (sn (DET il) (NOUN cane)))) (CCONJ e) (f (ibar (PRON gli) (VERB dice)) (dirsp (PUNCT :) (PUNCT "") (f (sn (INTJ Bau!) (INTJ Bau!)) (ibar (VERB Vieni))) (PUNCT ,) (fac (SCONJ che) (f (ibar (VERB andiamo)) (compin (sp (ADP a) (sn (NOUN caccia) (spd (ADP di) (sn (DET il) (NOUN gatto)))))))) (PUNCT !) (PUNCT "") (PUNCT .)))))";4.08 ± 1.73;5,609257672;content
160;22;bau;Bau;INTJ;discourse;Vieni;"(ROOT (fc (f (ibar (VERB Arriva)) (compin (sn (DET il) (NOUN cane)))) (CCONJ e) (f (ibar (PRON gli) (VERB dice)) (dirsp (PUNCT :) (PUNCT "") (f (sn (INTJ Bau!) (INTJ Bau!)) (ibar (VERB Vieni))) (PUNCT ,) (fac (SCONJ che) (f (ibar (VERB andiamo)) (compin (sp (ADP a) (sn (NOUN caccia) (spd (ADP di) (sn (DET il) (NOUN gatto)))))))) (PUNCT !) (PUNCT "") (PUNCT .)))))";;2,25162107;function
161;22;bau;Bau;INTJ;discourse;Vieni;"(ROOT (fc (f (ibar (VERB Arriva)) (compin (sn (DET il) (NOUN cane)))) (CCONJ e) (f (ibar (PRON gli) (VERB dice)) (dirsp (PUNCT :) (PUNCT "") (f (sn (INTJ Bau!) (INTJ Bau!)) (ibar (VERB Vieni))) (PUNCT ,) (fac (SCONJ che) (f (ibar (VERB andiamo)) (compin (sp (ADP a) (sn (NOUN caccia) (spd (ADP di) (sn (DET il) (NOUN gatto)))))))) (PUNCT !) (PUNCT "") (PUNCT .)))))";;2,25162107;function
162;22;vieni;venire;VERB;parataxis;Arriva;"(ROOT (fc (f (ibar (VERB Arriva)) (compin (sn (DET il) (NOUN cane)))) (CCONJ e) (f (ibar (PRON gli) (VERB dice)) (dirsp (PUNCT :) (PUNCT "") (f (sn (INTJ Bau!) (INTJ Bau!)) (ibar (VERB Vieni))) (PUNCT ,) (fac (SCONJ che) (f (ibar (VERB andiamo)) (compin (sp (ADP a) (sn (NOUN caccia) (spd (ADP di) (sn (DET il) (NOUN gatto)))))))) (PUNCT !) (PUNCT "") (PUNCT .)))))";4.80 ± 2.10;5,596576886;content
163;22;che;che;SCONJ;mark;andiamo;"(ROOT (fc (f (ibar (VERB Arriva)) (compin (sn (DET il) (NOUN cane)))) (CCONJ e) (f (ibar (PRON gli) (VERB dice)) (dirsp (PUNCT :) (PUNCT "") (f (sn (INTJ Bau!) (INTJ Bau!)) (ibar (VERB Vieni))) (PUNCT ,) (fac (SCONJ che) (f (ibar (VERB andiamo)) (compin (sp (ADP a) (sn (NOUN caccia) (spd (ADP di) (sn (DET il) (NOUN gatto)))))))) (PUNCT !) (PUNCT "") (PUNCT .)))))";;7,250456545;function
164;22;andiamo;andare;VERB;conj;Vieni;"(ROOT (fc (f (ibar (VERB Arriva)) (compin (sn (DET il) (NOUN cane)))) (CCONJ e) (f (ibar (PRON gli) (VERB dice)) (dirsp (PUNCT :) (PUNCT "") (f (sn (INTJ Bau!) (INTJ Bau!)) (ibar (VERB Vieni))) (PUNCT ,) (fac (SCONJ che) (f (ibar (VERB andiamo)) (compin (sp (ADP a) (sn (NOUN caccia) (spd (ADP di) (sn (DET il) (NOUN gatto)))))))) (PUNCT !) (PUNCT "") (PUNCT .)))))";4.20 ± 1.44;5,868904099;content
165;22;a;a;ADP;case;caccia;"(ROOT (fc (f (ibar (VERB Arriva)) (compin (sn (DET il) (NOUN cane)))) (CCONJ e) (f (ibar (PRON gli) (VERB dice)) (dirsp (PUNCT :) (PUNCT "") (f (sn (INTJ Bau!) (INTJ Bau!)) (ibar (VERB Vieni))) (PUNCT ,) (fac (SCONJ che) (f (ibar (VERB andiamo)) (compin (sp (ADP a) (sn (NOUN caccia) (spd (ADP di) (sn (DET il) (NOUN gatto)))))))) (PUNCT !) (PUNCT "") (PUNCT .)))))";;7,004335738;function
166;22;caccia;caccia;NOUN;obl;andiamo;"(ROOT (fc (f (ibar (VERB Arriva)) (compin (sn (DET il) (NOUN cane)))) (CCONJ e) (f (ibar (PRON gli) (VERB dice)) (dirsp (PUNCT :) (PUNCT "") (f (sn (INTJ Bau!) (INTJ Bau!)) (ibar (VERB Vieni))) (PUNCT ,) (fac (SCONJ che) (f (ibar (VERB andiamo)) (compin (sp (ADP a) (sn (NOUN caccia) (spd (ADP di) (sn (DET il) (NOUN gatto)))))))) (PUNCT !) (PUNCT "") (PUNCT .)))))";;4,781987837;content
167;22;di;di;ADP;case;gatto;"(ROOT (fc (f (ibar (VERB Arriva)) (compin (sn (DET il) (NOUN cane)))) (CCONJ e) (f (ibar (PRON gli) (VERB dice)) (dirsp (PUNCT :) (PUNCT "") (f (sn (INTJ Bau!) (INTJ Bau!)) (ibar (VERB Vieni))) (PUNCT ,) (fac (SCONJ che) (f (ibar (VERB andiamo)) (compin (sp (ADP a) (sn (NOUN caccia) (spd (ADP di) (sn (DET il) (NOUN gatto)))))))) (PUNCT !) (PUNCT "") (PUNCT .)))))";;7,232814475;function
168;22;il;il;DET;det;gatto;"(ROOT (fc (f (ibar (VERB Arriva)) (compin (sn (DET il) (NOUN cane)))) (CCONJ e) (f (ibar (PRON gli) (VERB dice)) (dirsp (PUNCT :) (PUNCT "") (f (sn (INTJ Bau!) (INTJ Bau!)) (ibar (VERB Vieni))) (PUNCT ,) (fac (SCONJ che) (f (ibar (VERB andiamo)) (compin (sp (ADP a) (sn (NOUN caccia) (spd (ADP di) (sn (DET il) (NOUN gatto)))))))) (PUNCT !) (PUNCT "") (PUNCT .)))))";;7,039560886;function
169;22;gatto;gatto;NOUN;nmod;caccia;"(ROOT (fc (f (ibar (VERB Arriva)) (compin (sn (DET il) (NOUN cane)))) (CCONJ e) (f (ibar (PRON gli) (VERB dice)) (dirsp (PUNCT :) (PUNCT "") (f (sn (INTJ Bau!) (INTJ Bau!)) (ibar (VERB Vieni))) (PUNCT ,) (fac (SCONJ che) (f (ibar (VERB andiamo)) (compin (sp (ADP a) (sn (NOUN caccia) (spd (ADP di) (sn (DET il) (NOUN gatto)))))))) (PUNCT !) (PUNCT "") (PUNCT .)))))";2.56 ± 1.26;4,503840711;content
170;23;il;il;DET;det;ragno;(ROOT (f (sn (DET Il) (sa (ADJ piccolo)) (NOUN ragno)) (ibar (coord (VERB tesse) (CCONJ e) (VERB tace))) (PUNCT .)));;7,039560886;function
171;23;piccolo;piccolo;ADJ;amod;ragno;(ROOT (f (sn (DET Il) (sa (ADJ piccolo)) (NOUN ragno)) (ibar (coord (VERB tesse) (CCONJ e) (VERB tace))) (PUNCT .)));4.12 ± 3.18;5,291431625;content
172;23;ragno;ragno;NOUN;nsubj;tesse;(ROOT (f (sn (DET Il) (sa (ADJ piccolo)) (NOUN ragno)) (ibar (coord (VERB tesse) (CCONJ e) (VERB tace))) (PUNCT .)));4.48 ± 0.96;3,818289087;content
173;23;tesse;tessere;VERB;root;ROOT;(ROOT (f (sn (DET Il) (sa (ADJ piccolo)) (NOUN ragno)) (ibar (coord (VERB tesse) (CCONJ e) (VERB tace))) (PUNCT .)));;2,660745246;content
174;23;e;e;CCONJ;cc;tace;(ROOT (f (sn (DET Il) (sa (ADJ piccolo)) (NOUN ragno)) (ibar (coord (VERB tesse) (CCONJ e) (VERB tace))) (PUNCT .)));;2,741151583;function
175;23;tace;tacere;VERB;conj;tesse;(ROOT (f (sn (DET Il) (sa (ADJ piccolo)) (NOUN ragno)) (ibar (coord (VERB tesse) (CCONJ e) (VERB tace))) (PUNCT .)));;2,829412487;content
176;24;arriva;arrivare;VERB;root;ROOT;(ROOT (fc (f (ibar (VERB Arriva)) (compin (sn (DET il) (NOUN gatto)))) (CCONJ e) (f (ibar (PRON gli) (VERB dice))) (PUNCT :)));;4,940504965;content
177;24;il;il;DET;det;gatto;(ROOT (fc (f (ibar (VERB Arriva)) (compin (sn (DET il) (NOUN gatto)))) (CCONJ e) (f (ibar (PRON gli) (VERB dice))) (PUNCT :)));;7,039560886;function
178;24;gatto;gatto;NOUN;nsubj;Arriva;(ROOT (fc (f (ibar (VERB Arriva)) (compin (sn (DET il) (NOUN gatto)))) (CCONJ e) (f (ibar (PRON gli) (VERB dice))) (PUNCT :)));2.56 ± 1.26;4,503840711;content
179;24;e;e;CCONJ;cc;dice;(ROOT (fc (f (ibar (VERB Arriva)) (compin (sn (DET il) (NOUN gatto)))) (CCONJ e) (f (ibar (PRON gli) (VERB dice))) (PUNCT :)));;2,741151583;function
180;24;gli;gli;PRON;iobj;dice;(ROOT (fc (f (ibar (VERB Arriva)) (compin (sn (DET il) (NOUN gatto)))) (CCONJ e) (f (ibar (PRON gli) (VERB dice))) (PUNCT :)));;6,227520191;function
181;24;dice;dire;VERB;conj;Arriva;(ROOT (fc (f (ibar (VERB Arriva)) (compin (sn (DET il) (NOUN gatto)))) (CCONJ e) (f (ibar (PRON gli) (VERB dice))) (PUNCT :)));4.08 ± 1.73;5,609257672;content
182;25;mao;mao;INTJ;root;ROOT;"(ROOT (dirsp (PUNCT "") (fint (sn (INTJ Mao)) (PUNCT !) (INTJ Mao)) (PUNCT !)))";;;function
183;25;mao;mao;INTJ;discourse;Mao;"(ROOT (dirsp (PUNCT "") (fint (sn (INTJ Mao)) (PUNCT !) (INTJ Mao)) (PUNCT !)))";;;function
184;26;se;se;SCONJ;mark;andassimo;"(ROOT (fs (SCONJ Se) (f (ir_infl (VERB andassimo)) (compin (sv2 (ADP a) (VERB farci) (compt (sn (DET un) (NOUN pisolino)))) (PUNCT "") (PUNCT .)))))";;6,583110863;function
185;26;andassimo;andare;VERB;root;ROOT;"(ROOT (fs (SCONJ Se) (f (ir_infl (VERB andassimo)) (compin (sv2 (ADP a) (VERB farci) (compt (sn (DET un) (NOUN pisolino)))) (PUNCT "") (PUNCT .)))))";4.20 ± 1.44;3,520321109;content
186;26;a;a;ADP;mark;farci;"(ROOT (fs (SCONJ Se) (f (ir_infl (VERB andassimo)) (compin (sv2 (ADP a) (VERB farci) (compt (sn (DET un) (NOUN pisolino)))) (PUNCT "") (PUNCT .)))))";;7,004335738;function
187;26;farci;fare;VERB;xcomp;andassimo;"(ROOT (fs (SCONJ Se) (f (ir_infl (VERB andassimo)) (compin (sv2 (ADP a) (VERB farci) (compt (sn (DET un) (NOUN pisolino)))) (PUNCT "") (PUNCT .)))))";4.40 ± 2.22;4,836738348;content
188;26;un;uno;DET;det;pisolino;"(ROOT (fs (SCONJ Se) (f (ir_infl (VERB andassimo)) (compin (sv2 (ADP a) (VERB farci) (compt (sn (DET un) (NOUN pisolino)))) (PUNCT "") (PUNCT .)))))";;7,065833912;function
189;26;pisolino;pisolino;NOUN;obj;farci;"(ROOT (fs (SCONJ Se) (f (ir_infl (VERB andassimo)) (compin (sv2 (ADP a) (VERB farci) (compt (sn (DET un) (NOUN pisolino)))) (PUNCT "") (PUNCT .)))))";;3,63574843;content
190;27;il;il;DET;det;ragno;(ROOT (f (sn (DET Il) (sa (ADJ piccolo)) (NOUN ragno)) (ibar (coord (VERB tesse) (CCONJ e) (VERB tace))) (PUNCT .)));;7,039560886;function
191;27;piccolo;piccolo;ADJ;amod;ragno;(ROOT (f (sn (DET Il) (sa (ADJ piccolo)) (NOUN ragno)) (ibar (coord (VERB tesse) (CCONJ e) (VERB tace))) (PUNCT .)));4.12 ± 3.18;5,291431625;content
192;27;ragno;ragno;NOUN;nsubj;tesse;(ROOT (f (sn (DET Il) (sa (ADJ piccolo)) (NOUN ragno)) (ibar (coord (VERB tesse) (CCONJ e) (VERB tace))) (PUNCT .)));4.48 ± 0.96;3,818289087;content
193;27;tesse;tessere;VERB;root;ROOT;(ROOT (f (sn (DET Il) (sa (ADJ piccolo)) (NOUN ragno)) (ibar (coord (VERB tesse) (CCONJ e) (VERB tace))) (PUNCT .)));;2,660745246;content
194;27;e;e;CCONJ;cc;tace;(ROOT (f (sn (DET Il) (sa (ADJ piccolo)) (NOUN ragno)) (ibar (coord (VERB tesse) (CCONJ e) (VERB tace))) (PUNCT .)));;2,741151583;function
195;27;tace;tacere;VERB;conj;tesse;(ROOT (f (sn (DET Il) (sa (ADJ piccolo)) (NOUN ragno)) (ibar (coord (VERB tesse) (CCONJ e) (VERB tace))) (PUNCT .)));;2,829412487;content
196;28;arriva;arrivare;VERB;root;ROOT;"(ROOT (fc (f (ibar (VERB Arriva)) (compin (sn (DET l') (NOUN anatra)))) (CCONJ e) (f (ibar (PRON gli) (VERB dice)) (dirsp (PUNCT :) (PUNCT "") (savv (ADV Qua)) (PUNCT !)))))";;4,940504965;content
197;28;l;il;DET;det;anatra;"(ROOT (fc (f (ibar (VERB Arriva)) (compin (sn (DET l') (NOUN anatra)))) (CCONJ e) (f (ibar (PRON gli) (VERB dice)) (dirsp (PUNCT :) (PUNCT "") (savv (ADV Qua)) (PUNCT !)))))";;6,640107629;function
198;28;anatra;anatra;NOUN;nsubj;Arriva;"(ROOT (fc (f (ibar (VERB Arriva)) (compin (sn (DET l') (NOUN anatra)))) (CCONJ e) (f (ibar (PRON gli) (VERB dice)) (dirsp (PUNCT :) (PUNCT "") (savv (ADV Qua)) (PUNCT !)))))";5.12 ± 2.19;3,698104207;content
199;28;e;e;CCONJ;cc;dice;"(ROOT (fc (f (ibar (VERB Arriva)) (compin (sn (DET l') (NOUN anatra)))) (CCONJ e) (f (ibar (PRON gli) (VERB dice)) (dirsp (PUNCT :) (PUNCT "") (savv (ADV Qua)) (PUNCT !)))))";;2,741151583;function
200;28;gli;gli;PRON;iobj;dice;"(ROOT (fc (f (ibar (VERB Arriva)) (compin (sn (DET l') (NOUN anatra)))) (CCONJ e) (f (ibar (PRON gli) (VERB dice)) (dirsp (PUNCT :) (PUNCT "") (savv (ADV Qua)) (PUNCT !)))))";;6,227520191;function
201;28;dice;dire;VERB;conj;Arriva;"(ROOT (fc (f (ibar (VERB Arriva)) (compin (sn (DET l') (NOUN anatra)))) (CCONJ e) (f (ibar (PRON gli) (VERB dice)) (dirsp (PUNCT :) (PUNCT "") (savv (ADV Qua)) (PUNCT !)))))";4.08 ± 1.73;5,609257672;content
202;28;qua;qua;ADV;parataxis;Arriva;"(ROOT (fc (f (ibar (VERB Arriva)) (compin (sn (DET l') (NOUN anatra)))) (CCONJ e) (f (ibar (PRON gli) (VERB dice)) (dirsp (PUNCT :) (PUNCT "") (savv (ADV Qua)) (PUNCT !)))))";;5,522856403;content
203;29;qua;qua;ADV;advmod;Vieni;"(ROOT (cp_int (savv (ADV Qua)) (PUNCT !) (f (ibar (VERB Vieni)) (compin (sp (ADP con) (sn (PRON me))) (sv2 (ADP a) (VERB nuotare)))) (PUNCT ?) (PUNCT "") (PUNCT .)))";;5,522856403;content
204;29;vieni;venire;VERB;root;ROOT;"(ROOT (cp_int (savv (ADV Qua)) (PUNCT !) (f (ibar (VERB Vieni)) (compin (sp (ADP con) (sn (PRON me))) (sv2 (ADP a) (VERB nuotare)))) (PUNCT ?) (PUNCT "") (PUNCT .)))";4.80 ± 2.10;5,596576886;content
205;29;con;con;ADP;case;me;"(ROOT (cp_int (savv (ADV Qua)) (PUNCT !) (f (ibar (VERB Vieni)) (compin (sp (ADP con) (sn (PRON me))) (sv2 (ADP a) (VERB nuotare)))) (PUNCT ?) (PUNCT "") (PUNCT .)))";;6,620271703;function
206;29;me;me;PRON;obl;Vieni;"(ROOT (cp_int (savv (ADV Qua)) (PUNCT !) (f (ibar (VERB Vieni)) (compin (sp (ADP con) (sn (PRON me))) (sv2 (ADP a) (VERB nuotare)))) (PUNCT ?) (PUNCT "") (PUNCT .)))";;6,337855516;function
207;29;a;a;ADP;mark;nuotare;"(ROOT (cp_int (savv (ADV Qua)) (PUNCT !) (f (ibar (VERB Vieni)) (compin (sp (ADP con) (sn (PRON me))) (sv2 (ADP a) (VERB nuotare)))) (PUNCT ?) (PUNCT "") (PUNCT .)))";;7,004335738;function
208;29;nuotare;nuotare;VERB;xcomp;Vieni;"(ROOT (cp_int (savv (ADV Qua)) (PUNCT !) (f (ibar (VERB Vieni)) (compin (sp (ADP con) (sn (PRON me))) (sv2 (ADP a) (VERB nuotare)))) (PUNCT ?) (PUNCT "") (PUNCT .)))";5.28 ± 2.17;4,126178512;content
209;30;il;il;DET;det;ragno;(ROOT (f (sn (DET Il) (sa (ADJ piccolo)) (NOUN ragno)) (ibar (AUX ha) (VERB smesso)) (compt (spd (ADP di) (sn (NOUN tessere)))) (PUNCT .)));;7,039560886;function
210;30;piccolo;piccolo;ADJ;amod;ragno;(ROOT (f (sn (DET Il) (sa (ADJ piccolo)) (NOUN ragno)) (ibar (AUX ha) (VERB smesso)) (compt (spd (ADP di) (sn (NOUN tessere)))) (PUNCT .)));4.12 ± 3.18;5,291431625;content
211;30;ragno;ragno;NOUN;nsubj;smesso;(ROOT (f (sn (DET Il) (sa (ADJ piccolo)) (NOUN ragno)) (ibar (AUX ha) (VERB smesso)) (compt (spd (ADP di) (sn (NOUN tessere)))) (PUNCT .)));4.48 ± 0.96;3,818289087;content
212;30;ha;avere;AUX;aux;smesso;(ROOT (f (sn (DET Il) (sa (ADJ piccolo)) (NOUN ragno)) (ibar (AUX ha) (VERB smesso)) (compt (spd (ADP di) (sn (NOUN tessere)))) (PUNCT .)));;6,684018637;function
213;30;smesso;smettere;VERB;root;ROOT;(ROOT (f (sn (DET Il) (sa (ADJ piccolo)) (NOUN ragno)) (ibar (AUX ha) (VERB smesso)) (compt (spd (ADP di) (sn (NOUN tessere)))) (PUNCT .)));;4,553782533;content
214;30;di;di;ADP;case;tessere;(ROOT (f (sn (DET Il) (sa (ADJ piccolo)) (NOUN ragno)) (ibar (AUX ha) (VERB smesso)) (compt (spd (ADP di) (sn (NOUN tessere)))) (PUNCT .)));;7,232814475;function
215;30;tessere;tessera;NOUN;obl;smesso;(ROOT (f (sn (DET Il) (sa (ADJ piccolo)) (NOUN ragno)) (ibar (AUX ha) (VERB smesso)) (compt (spd (ADP di) (sn (NOUN tessere)))) (PUNCT .)));;3,224346986;content
216;31;la;il;DET;det;ragnatela;(ROOT (f (sn (DET La) (NOUN ragnatela)) (ibar (AUX è)) (compc (sa (ADJ pronta) (PUNCT .)))));;7,055331658;function
217;31;ragnatela;ragnatela;NOUN;nsubj;pronta;(ROOT (f (sn (DET La) (NOUN ragnatela)) (ibar (AUX è)) (compc (sa (ADJ pronta) (PUNCT .)))));;3,110001322;content
218;31;è;essere;AUX;cop;pronta;(ROOT (f (sn (DET La) (NOUN ragnatela)) (ibar (AUX è)) (compc (sa (ADJ pronta) (PUNCT .)))));;7,249521761;function
219;31;pronta;pronto;ADJ;root;ROOT;(ROOT (f (sn (DET La) (NOUN ragnatela)) (ibar (AUX è)) (compc (sa (ADJ pronta) (PUNCT .)))));;4,917324392;content
220;32;allora;allora;ADV;advmod;arriva;(ROOT (fc (ADV Allora) (fc (f (ibar (VERB arriva)) (compin (sn (DET il) (NOUN gallo)))) (CCONJ e) (f (ibar (PRON gli) (VERB dice)))) (PUNCT :)));;6,072527547;content
221;32;arriva;arrivare;VERB;root;ROOT;(ROOT (fc (ADV Allora) (fc (f (ibar (VERB arriva)) (compin (sn (DET il) (NOUN gallo)))) (CCONJ e) (f (ibar (PRON gli) (VERB dice)))) (PUNCT :)));;4,940504965;content
222;32;il;il;DET;det;gallo;(ROOT (fc (ADV Allora) (fc (f (ibar (VERB arriva)) (compin (sn (DET il) (NOUN gallo)))) (CCONJ e) (f (ibar (PRON gli) (VERB dice)))) (PUNCT :)));;7,039560886;function
223;32;gallo;gallo;NOUN;nsubj;arriva;(ROOT (fc (ADV Allora) (fc (f (ibar (VERB arriva)) (compin (sn (DET il) (NOUN gallo)))) (CCONJ e) (f (ibar (PRON gli) (VERB dice)))) (PUNCT :)));4.36 ± 1.87;3,601700463;content
224;32;e;e;CCONJ;cc;dice;(ROOT (fc (ADV Allora) (fc (f (ibar (VERB arriva)) (compin (sn (DET il) (NOUN gallo)))) (CCONJ e) (f (ibar (PRON gli) (VERB dice)))) (PUNCT :)));;2,741151583;function
225;32;gli;gli;PRON;iobj;dice;(ROOT (fc (ADV Allora) (fc (f (ibar (VERB arriva)) (compin (sn (DET il) (NOUN gallo)))) (CCONJ e) (f (ibar (PRON gli) (VERB dice)))) (PUNCT :)));;6,227520191;function
226;32;dice;dire;VERB;conj;arriva;(ROOT (fc (ADV Allora) (fc (f (ibar (VERB arriva)) (compin (sn (DET il) (NOUN gallo)))) (CCONJ e) (f (ibar (PRON gli) (VERB dice)))) (PUNCT :)));4.08 ± 1.73;5,609257672;content
227;33;chiccirichi;Chiccirichi;PROPN;root;ROOT;"(ROOT (dirsp (PUNCT "") (f3 (sn (PROPN Chiccirichi))) (PUNCT !)))";;;content
228;34;perché;perché;ADV;advmod;andiamo;"(ROOT (fint (ADV Perché) (f (ibar (ADV non) (VERB andiamo)) (compin (savv (ADV assieme)) (sv2 (ADP ad) (VERB acchiappare) (compt (sn (DET le) (NOUN mosche)))))) (PUNCT ?) (PUNCT "") (PUNCT .)))";;5,965637226;content
229;34;non;non;ADV;advmod;andiamo;"(ROOT (fint (ADV Perché) (f (ibar (ADV non) (VERB andiamo)) (compin (savv (ADV assieme)) (sv2 (ADP ad) (VERB acchiappare) (compt (sn (DET le) (NOUN mosche)))))) (PUNCT ?) (PUNCT "") (PUNCT .)))";;7,259198169;content
230;34;andiamo;andare;VERB;root;ROOT;"(ROOT (fint (ADV Perché) (f (ibar (ADV non) (VERB andiamo)) (compin (savv (ADV assieme)) (sv2 (ADP ad) (VERB acchiappare) (compt (sn (DET le) (NOUN mosche)))))) (PUNCT ?) (PUNCT "") (PUNCT .)))";4.20 ± 1.44;5,868904099;content
231;34;assieme;assieme;ADV;advmod;andiamo;"(ROOT (fint (ADV Perché) (f (ibar (ADV non) (VERB andiamo)) (compin (savv (ADV assieme)) (sv2 (ADP ad) (VERB acchiappare) (compt (sn (DET le) (NOUN mosche)))))) (PUNCT ?) (PUNCT "") (PUNCT .)))";;4,446678017;content
232;34;ad;a;ADP;mark;acchiappare;"(ROOT (fint (ADV Perché) (f (ibar (ADV non) (VERB andiamo)) (compin (savv (ADV assieme)) (sv2 (ADP ad) (VERB acchiappare) (compt (sn (DET le) (NOUN mosche)))))) (PUNCT ?) (PUNCT "") (PUNCT .)))";;5,934389877;function
233;34;acchiappare;acchiappare;VERB;xcomp;andiamo;"(ROOT (fint (ADV Perché) (f (ibar (ADV non) (VERB andiamo)) (compin (savv (ADV assieme)) (sv2 (ADP ad) (VERB acchiappare) (compt (sn (DET le) (NOUN mosche)))))) (PUNCT ?) (PUNCT "") (PUNCT .)))";4.84 ± 1.52;2,911082533;content
234;34;le;il;DET;det;mosche;"(ROOT (fint (ADV Perché) (f (ibar (ADV non) (VERB andiamo)) (compin (savv (ADV assieme)) (sv2 (ADP ad) (VERB acchiappare) (compt (sn (DET le) (NOUN mosche)))))) (PUNCT ?) (PUNCT "") (PUNCT .)))";;6,624997683;function
235;34;mosche;Mosca;NOUN;obj;acchiappare;"(ROOT (fint (ADV Perché) (f (ibar (ADV non) (VERB andiamo)) (compin (savv (ADV assieme)) (sv2 (ADP ad) (VERB acchiappare) (compt (sn (DET le) (NOUN mosche)))))) (PUNCT ?) (PUNCT "") (PUNCT .)))";;3,732502474;content
236;35;il;il;DET;det;ragno;(ROOT (fc (f (sn (DET Il) (sa (ADJ piccolo)) (NOUN ragno)) (ibar (VERB tace))) (CCONJ e) (f3 (sn (X ….) (PROPN Zac))) (PUNCT !)));;7,039560886;function
237;35;piccolo;piccolo;ADJ;amod;ragno;(ROOT (fc (f (sn (DET Il) (sa (ADJ piccolo)) (NOUN ragno)) (ibar (VERB tace))) (CCONJ e) (f3 (sn (X ….) (PROPN Zac))) (PUNCT !)));4.12 ± 3.18;5,291431625;content
238;35;ragno;ragno;NOUN;nsubj;tace;(ROOT (fc (f (sn (DET Il) (sa (ADJ piccolo)) (NOUN ragno)) (ibar (VERB tace))) (CCONJ e) (f3 (sn (X ….) (PROPN Zac))) (PUNCT !)));4.48 ± 0.96;3,818289087;content
239;35;tace;tacere;VERB;root;ROOT;(ROOT (fc (f (sn (DET Il) (sa (ADJ piccolo)) (NOUN ragno)) (ibar (VERB tace))) (CCONJ e) (f3 (sn (X ….) (PROPN Zac))) (PUNCT !)));;2,829412487;content
240;35;e;e;CCONJ;cc;….;(ROOT (fc (f (sn (DET Il) (sa (ADJ piccolo)) (NOUN ragno)) (ibar (VERB tace))) (CCONJ e) (f3 (sn (X ….) (PROPN Zac))) (PUNCT !)));;2,741151583;function
241;35;…;…;X;conj;tace;(ROOT (fc (f (sn (DET Il) (sa (ADJ piccolo)) (NOUN ragno)) (ibar (VERB tace))) (CCONJ e) (f3 (sn (X ….) (PROPN Zac))) (PUNCT !)));;;NaN
242;35;zac;Zac;PROPN;vocative;tace;(ROOT (fc (f (sn (DET Il) (sa (ADJ piccolo)) (NOUN ragno)) (ibar (VERB tace))) (CCONJ e) (f3 (sn (X ….) (PROPN Zac))) (PUNCT !)));;3,232315915;content
243;36;ha;avere;AUX;aux;acchiappato;(ROOT (f (ibar (AUX Ha) (ADV già) (VERB acchiappato)) (compt (sn (DET una) (NOUN mosca) (PUNCT .)))));;6,684018637;function
244;36;già;già;ADV;advmod;acchiappato;(ROOT (f (ibar (AUX Ha) (ADV già) (VERB acchiappato)) (compt (sn (DET una) (NOUN mosca) (PUNCT .)))));;6,015979163;content
245;36;acchiappato;acchiappare;VERB;root;ROOT;(ROOT (f (ibar (AUX Ha) (ADV già) (VERB acchiappato)) (compt (sn (DET una) (NOUN mosca) (PUNCT .)))));4.84 ± 1.52;2,781987837;content
246;36;una;uno;DET;det;mosca;(ROOT (f (ibar (AUX Ha) (ADV già) (VERB acchiappato)) (compt (sn (DET una) (NOUN mosca) (PUNCT .)))));;6,801817508;function
247;36;mosca;mosca;NOUN;obj;acchiappato;(ROOT (f (ibar (AUX Ha) (ADV già) (VERB acchiappato)) (compt (sn (DET una) (NOUN mosca) (PUNCT .)))));4.28 ± 1.54;1,491953226;content
248;37;allora;allora;ADV;advmod;arriva;"(ROOT (fc (ADV Allora) (f (ibar (VERB arriva)) (compin (sn (DET la) (NOUN civetta)))) (PUNCT ,) (CCONJ e) (f (ibar (VERB dice)) (dirsp (PUNCT :) (PUNCT "") (sn (INTJ Uhuu)))) (PUNCT !)))";;6,072527547;content
249;37;arriva;arrivare;VERB;root;ROOT;"(ROOT (fc (ADV Allora) (f (ibar (VERB arriva)) (compin (sn (DET la) (NOUN civetta)))) (PUNCT ,) (CCONJ e) (f (ibar (VERB dice)) (dirsp (PUNCT :) (PUNCT "") (sn (INTJ Uhuu)))) (PUNCT !)))";;4,940504965;content
250;37;la;il;DET;det;civetta;"(ROOT (fc (ADV Allora) (f (ibar (VERB arriva)) (compin (sn (DET la) (NOUN civetta)))) (PUNCT ,) (CCONJ e) (f (ibar (VERB dice)) (dirsp (PUNCT :) (PUNCT "") (sn (INTJ Uhuu)))) (PUNCT !)))";;7,055331658;function
251;37;civetta;civetta;NOUN;nsubj;arriva;"(ROOT (fc (ADV Allora) (f (ibar (VERB arriva)) (compin (sn (DET la) (NOUN civetta)))) (PUNCT ,) (CCONJ e) (f (ibar (VERB dice)) (dirsp (PUNCT :) (PUNCT "") (sn (INTJ Uhuu)))) (PUNCT !)))";;3,173194463;content
252;37;e;e;CCONJ;cc;dice;"(ROOT (fc (ADV Allora) (f (ibar (VERB arriva)) (compin (sn (DET la) (NOUN civetta)))) (PUNCT ,) (CCONJ e) (f (ibar (VERB dice)) (dirsp (PUNCT :) (PUNCT "") (sn (INTJ Uhuu)))) (PUNCT !)))";;2,741151583;function
253;37;dice;dire;VERB;conj;arriva;"(ROOT (fc (ADV Allora) (f (ibar (VERB arriva)) (compin (sn (DET la) (NOUN civetta)))) (PUNCT ,) (CCONJ e) (f (ibar (VERB dice)) (dirsp (PUNCT :) (PUNCT "") (sn (INTJ Uhuu)))) (PUNCT !)))";4.08 ± 1.73;5,609257672;content
254;37;uhuu;Uhuu;INTJ;discourse;arriva;"(ROOT (fc (ADV Allora) (f (ibar (VERB arriva)) (compin (sn (DET la) (NOUN civetta)))) (PUNCT ,) (CCONJ e) (f (ibar (VERB dice)) (dirsp (PUNCT :) (PUNCT "") (sn (INTJ Uhuu)))) (PUNCT !)))";;;function
255;38;chi;chi;PRON;nsubj;fatto;(ROOT (fint (PRON Chi) (f (ibar (AUX ha) (VERB fatto)) (compt (sn (sa (DET quella)) (sa (ADJ bella)) (NOUN ragnatela)))) (PUNCT ?)));;6,108444494;function
256;38;ha;avere;AUX;aux;fatto;(ROOT (fint (PRON Chi) (f (ibar (AUX ha) (VERB fatto)) (compt (sn (sa (DET quella)) (sa (ADJ bella)) (NOUN ragnatela)))) (PUNCT ?)));;6,684018637;function
257;38;fatto;fare;VERB;root;ROOT;(ROOT (fint (PRON Chi) (f (ibar (AUX ha) (VERB fatto)) (compt (sn (sa (DET quella)) (sa (ADJ bella)) (NOUN ragnatela)))) (PUNCT ?)));4.40 ± 2.22;6,237129549;content
258;38;quella;quello;DET;det;ragnatela;(ROOT (fint (PRON Chi) (f (ibar (AUX ha) (VERB fatto)) (compt (sn (sa (DET quella)) (sa (ADJ bella)) (NOUN ragnatela)))) (PUNCT ?)));;5,939281839;function
259;38;bella;bello;ADJ;amod;ragnatela;(ROOT (fint (PRON Chi) (f (ibar (AUX ha) (VERB fatto)) (compt (sn (sa (DET quella)) (sa (ADJ bella)) (NOUN ragnatela)))) (PUNCT ?)));3.80 ± 2.35;5,484893151;content
260;38;ragnatela;ragnatela;NOUN;obj;fatto;(ROOT (fint (PRON Chi) (f (ibar (AUX ha) (VERB fatto)) (compt (sn (sa (DET quella)) (sa (ADJ bella)) (NOUN ragnatela)))) (PUNCT ?)));;3,110001322;content
261;40;e;e;CCONJ;cc;tace;(ROOT (fc (CCONJ E) (f (sn (DET il) (sa (ADJ piccolo)) (NOUN ragno)) (ibar (VERB tace))) (fp (PUNCT ,) (f (ibar (VERB dorme)) (compin (savv (ADV già)) (spda (ADP da) (sn (DET un) (ADV po'))))) (PUNCT ,)) (f (ibar (AUX è) (AUX stata)) (compc (sn (DET una) (sa (ADJ dura)) (NOUN giornata) (spd (ADP di) (sn (NOUN lavoro) (PUNCT .))))))));;2,741151583;function
262;40;il;il;DET;det;ragno;(ROOT (fc (CCONJ E) (f (sn (DET il) (sa (ADJ piccolo)) (NOUN ragno)) (ibar (VERB tace))) (fp (PUNCT ,) (f (ibar (VERB dorme)) (compin (savv (ADV già)) (spda (ADP da) (sn (DET un) (ADV po'))))) (PUNCT ,)) (f (ibar (AUX è) (AUX stata)) (compc (sn (DET una) (sa (ADJ dura)) (NOUN giornata) (spd (ADP di) (sn (NOUN lavoro) (PUNCT .))))))));;7,039560886;function
263;40;piccolo;piccolo;ADJ;amod;ragno;(ROOT (fc (CCONJ E) (f (sn (DET il) (sa (ADJ piccolo)) (NOUN ragno)) (ibar (VERB tace))) (fp (PUNCT ,) (f (ibar (VERB dorme)) (compin (savv (ADV già)) (spda (ADP da) (sn (DET un) (ADV po'))))) (PUNCT ,)) (f (ibar (AUX è) (AUX stata)) (compc (sn (DET una) (sa (ADJ dura)) (NOUN giornata) (spd (ADP di) (sn (NOUN lavoro) (PUNCT .))))))));4.12 ± 3.18;5,291431625;content
264;40;ragno;ragno;NOUN;nsubj;tace;(ROOT (fc (CCONJ E) (f (sn (DET il) (sa (ADJ piccolo)) (NOUN ragno)) (ibar (VERB tace))) (fp (PUNCT ,) (f (ibar (VERB dorme)) (compin (savv (ADV già)) (spda (ADP da) (sn (DET un) (ADV po'))))) (PUNCT ,)) (f (ibar (AUX è) (AUX stata)) (compc (sn (DET una) (sa (ADJ dura)) (NOUN giornata) (spd (ADP di) (sn (NOUN lavoro) (PUNCT .))))))));4.48 ± 0.96;3,818289087;content
265;40;tace;tacere;VERB;root;ROOT;(ROOT (fc (CCONJ E) (f (sn (DET il) (sa (ADJ piccolo)) (NOUN ragno)) (ibar (VERB tace))) (fp (PUNCT ,) (f (ibar (VERB dorme)) (compin (savv (ADV già)) (spda (ADP da) (sn (DET un) (ADV po'))))) (PUNCT ,)) (f (ibar (AUX è) (AUX stata)) (compc (sn (DET una) (sa (ADJ dura)) (NOUN giornata) (spd (ADP di) (sn (NOUN lavoro) (PUNCT .))))))));;2,829412487;content
266;40;dorme;dormire;VERB;conj;tace;(ROOT (fc (CCONJ E) (f (sn (DET il) (sa (ADJ piccolo)) (NOUN ragno)) (ibar (VERB tace))) (fp (PUNCT ,) (f (ibar (VERB dorme)) (compin (savv (ADV già)) (spda (ADP da) (sn (DET un) (ADV po'))))) (PUNCT ,)) (f (ibar (AUX è) (AUX stata)) (compc (sn (DET una) (sa (ADJ dura)) (NOUN giornata) (spd (ADP di) (sn (NOUN lavoro) (PUNCT .))))))));3.08 ± 1.29;4,289566956;content
267;40;già;già;ADV;advmod;dorme;(ROOT (fc (CCONJ E) (f (sn (DET il) (sa (ADJ piccolo)) (NOUN ragno)) (ibar (VERB tace))) (fp (PUNCT ,) (f (ibar (VERB dorme)) (compin (savv (ADV già)) (spda (ADP da) (sn (DET un) (ADV po'))))) (PUNCT ,)) (f (ibar (AUX è) (AUX stata)) (compc (sn (DET una) (sa (ADJ dura)) (NOUN giornata) (spd (ADP di) (sn (NOUN lavoro) (PUNCT .))))))));;6,015979163;content
268;40;da;da;ADP;case;po';(ROOT (fc (CCONJ E) (f (sn (DET il) (sa (ADJ piccolo)) (NOUN ragno)) (ibar (VERB tace))) (fp (PUNCT ,) (f (ibar (VERB dorme)) (compin (savv (ADV già)) (spda (ADP da) (sn (DET un) (ADV po'))))) (PUNCT ,)) (f (ibar (AUX è) (AUX stata)) (compc (sn (DET una) (sa (ADJ dura)) (NOUN giornata) (spd (ADP di) (sn (NOUN lavoro) (PUNCT .))))))));;6,577812618;function
269;40;un;uno;DET;det;po';(ROOT (fc (CCONJ E) (f (sn (DET il) (sa (ADJ piccolo)) (NOUN ragno)) (ibar (VERB tace))) (fp (PUNCT ,) (f (ibar (VERB dorme)) (compin (savv (ADV già)) (spda (ADP da) (sn (DET un) (ADV po'))))) (PUNCT ,)) (f (ibar (AUX è) (AUX stata)) (compc (sn (DET una) (sa (ADJ dura)) (NOUN giornata) (spd (ADP di) (sn (NOUN lavoro) (PUNCT .))))))));;7,065833912;function
270;40;po;poco;ADV;advmod;dorme;(ROOT (fc (CCONJ E) (f (sn (DET il) (sa (ADJ piccolo)) (NOUN ragno)) (ibar (VERB tace))) (fp (PUNCT ,) (f (ibar (VERB dorme)) (compin (savv (ADV già)) (spda (ADP da) (sn (DET un) (ADV po'))))) (PUNCT ,)) (f (ibar (AUX è) (AUX stata)) (compc (sn (DET una) (sa (ADJ dura)) (NOUN giornata) (spd (ADP di) (sn (NOUN lavoro) (PUNCT .))))))));;4,399095757;content
271;40;è;essere;AUX;aux;giornata;(ROOT (fc (CCONJ E) (f (sn (DET il) (sa (ADJ piccolo)) (NOUN ragno)) (ibar (VERB tace))) (fp (PUNCT ,) (f (ibar (VERB dorme)) (compin (savv (ADV già)) (spda (ADP da) (sn (DET un) (ADV po'))))) (PUNCT ,)) (f (ibar (AUX è) (AUX stata)) (compc (sn (DET una) (sa (ADJ dura)) (NOUN giornata) (spd (ADP di) (sn (NOUN lavoro) (PUNCT .))))))));;7,249521761;function
272;40;stata;essere;AUX;cop;giornata;(ROOT (fc (CCONJ E) (f (sn (DET il) (sa (ADJ piccolo)) (NOUN ragno)) (ibar (VERB tace))) (fp (PUNCT ,) (f (ibar (VERB dorme)) (compin (savv (ADV già)) (spda (ADP da) (sn (DET un) (ADV po'))))) (PUNCT ,)) (f (ibar (AUX è) (AUX stata)) (compc (sn (DET una) (sa (ADJ dura)) (NOUN giornata) (spd (ADP di) (sn (NOUN lavoro) (PUNCT .))))))));;5,783216598;function
273;40;una;uno;DET;det;giornata;(ROOT (fc (CCONJ E) (f (sn (DET il) (sa (ADJ piccolo)) (NOUN ragno)) (ibar (VERB tace))) (fp (PUNCT ,) (f (ibar (VERB dorme)) (compin (savv (ADV già)) (spda (ADP da) (sn (DET un) (ADV po'))))) (PUNCT ,)) (f (ibar (AUX è) (AUX stata)) (compc (sn (DET una) (sa (ADJ dura)) (NOUN giornata) (spd (ADP di) (sn (NOUN lavoro) (PUNCT .))))))));;6,801817508;function
274;40;dura;duro;ADJ;amod;giornata;(ROOT (fc (CCONJ E) (f (sn (DET il) (sa (ADJ piccolo)) (NOUN ragno)) (ibar (VERB tace))) (fp (PUNCT ,) (f (ibar (VERB dorme)) (compin (savv (ADV già)) (spda (ADP da) (sn (DET un) (ADV po'))))) (PUNCT ,)) (f (ibar (AUX è) (AUX stata)) (compc (sn (DET una) (sa (ADJ dura)) (NOUN giornata) (spd (ADP di) (sn (NOUN lavoro) (PUNCT .))))))));4.68 ± 2.34;4,766572845;content
275;40;giornata;giornata;NOUN;conj;tace;(ROOT (fc (CCONJ E) (f (sn (DET il) (sa (ADJ piccolo)) (NOUN ragno)) (ibar (VERB tace))) (fp (PUNCT ,) (f (ibar (VERB dorme)) (compin (savv (ADV già)) (spda (ADP da) (sn (DET un) (ADV po'))))) (PUNCT ,)) (f (ibar (AUX è) (AUX stata)) (compc (sn (DET una) (sa (ADJ dura)) (NOUN giornata) (spd (ADP di) (sn (NOUN lavoro) (PUNCT .))))))));;5,003101004;content
276;40;di;di;ADP;case;lavoro;(ROOT (fc (CCONJ E) (f (sn (DET il) (sa (ADJ piccolo)) (NOUN ragno)) (ibar (VERB tace))) (fp (PUNCT ,) (f (ibar (VERB dorme)) (compin (savv (ADV già)) (spda (ADP da) (sn (DET un) (ADV po'))))) (PUNCT ,)) (f (ibar (AUX è) (AUX stata)) (compc (sn (DET una) (sa (ADJ dura)) (NOUN giornata) (spd (ADP di) (sn (NOUN lavoro) (PUNCT .))))))));;7,232814475;function
277;40;lavoro;lavoro;NOUN;nmod;giornata;(ROOT (fc (CCONJ E) (f (sn (DET il) (sa (ADJ piccolo)) (NOUN ragno)) (ibar (VERB tace))) (fp (PUNCT ,) (f (ibar (VERB dorme)) (compin (savv (ADV già)) (spda (ADP da) (sn (DET un) (ADV po'))))) (PUNCT ,)) (f (ibar (AUX è) (AUX stata)) (compc (sn (DET una) (sa (ADJ dura)) (NOUN giornata) (spd (ADP di) (sn (NOUN lavoro) (PUNCT .))))))));6.28 ± 3.34;5,810397445;content
