token_id,target_word,prefix_length,phoneme,filtered_cohort_size,phoneme_surprisal,word_phoneme_length,length_group
0,una,1,u,314,7.765513016647858,3,1-3 phonemes
0,una,2,n,76,0.7112420013989139,3,1-3 phonemes
0,una,3,a,1,2.8901039564572875,3,1-3 phonemes
1,viola,1,v,1289,5.722400732873497,5,4-6 phonemes
1,viola,2,j,53,4.498394206456238,5,4-6 phonemes
1,viola,3,O,2,4.500243102746191,5,4-6 phonemes
1,viola,4,l,2,-0.0,5,4-6 phonemes
1,viola,5,a,1,0.0102308520012233,5,4-6 phonemes
2,al,1,a,3439,4.0028923808571975,2,1-3 phonemes
2,al,2,l,1,3.171134131063312,2,1-3 phonemes
3,polo,1,p,2607,2.688776487507722,4,4-6 phonemes
3,polo,2,O,87,2.660921704474627,4,4-6 phonemes
3,polo,3,l,11,3.840383240638802,4,4-6 phonemes
3,polo,4,o,1,1.883730111702337,4,4-6 phonemes
4,nord,1,n,499,2.32792654112216,4,4-6 phonemes
4,nord,2,O,56,0.085952501210988,4,4-6 phonemes
4,nord,3,r,18,0.0120265307525582,4,4-6 phonemes
4,nord,4,d,1,0.0269577728007057,4,4-6 phonemes
5,una,1,u,229,9.640358229215176,3,1-3 phonemes
5,una,2,n,58,0.3985373645111323,3,1-3 phonemes
5,una,3,a,1,1.8633384936076385,3,1-3 phonemes
6,mattina,1,m,2005,4.3503345131201545,6,4-6 phonemes
6,mattina,2,a,809,1.0123118266348292,6,4-6 phonemes
6,mattina,3,tt,25,5.1861039387893655,6,4-6 phonemes
6,mattina,4,i,8,0.5137970094495895,6,4-6 phonemes
6,mattina,5,n,6,0.0398922411938053,6,4-6 phonemes
6,mattina,6,a,1,0.2418773353024254,6,4-6 phonemes
7,al,1,a,3026,3.4375630033363955,2,1-3 phonemes
7,al,2,l,1,2.9531251856014347,2,1-3 phonemes
8,polo,1,p,2193,3.465360237170489,4,4-6 phonemes
8,polo,2,O,88,1.9674454610066587,4,4-6 phonemes
8,polo,3,l,11,1.1287706783510545,4,4-6 phonemes
8,polo,4,o,1,0.0883460775693636,4,4-6 phonemes
9,nord,1,n,208,2.2985446732449093,4,4-6 phonemes
9,nord,2,O,39,0.0089807542008993,4,4-6 phonemes
9,nord,3,r,16,0.0022855389512295,4,4-6 phonemes
9,nord,4,d,1,0.0035730737784282,4,4-6 phonemes
10,l',1,l,1,6.115956223143545,1,1-3 phonemes
11,orso,1,o,45,14.193098509413096,4,4-6 phonemes
11,orso,2,r,20,1.3378734878848224,4,4-6 phonemes
11,orso,3,s,1,7.028044599102553,4,4-6 phonemes
11,orso,4,o,1,-0.0,4,4-6 phonemes
12,bianco,1,b,1312,4.030928552796142,6,4-6 phonemes
12,bianco,2,j,52,1.2006096264147943,6,4-6 phonemes
12,bianco,3,a,30,0.0030504796136025,6,4-6 phonemes
12,bianco,4,N,27,4.498030893026281e-05,6,4-6 phonemes
12,bianco,5,k,27,-0.0,6,4-6 phonemes
12,bianco,6,o,1,0.1247530166688919,6,4-6 phonemes
13,fiutò,1,f,1261,6.72611922984819,5,4-6 phonemes
13,fiutò,2,j,83,3.84238371110916,5,4-6 phonemes
13,fiutò,3,u,8,4.352728999842539,5,4-6 phonemes
13,fiutò,4,t,4,3.758283754795105,5,4-6 phonemes
13,fiutò,5,O,1,14.254507034698372,5,4-6 phonemes
14,nell,1,n,575,6.461746928879956,3,1-3 phonemes
14,nell,2,e,111,1.7396657290918922,3,1-3 phonemes
14,nell,3,ll,1,4.0727662445912864,3,1-3 phonemes
15,aria,1,a,1103,7.870130706658032,4,4-6 phonemes
15,aria,2,r,129,1.8209593219402669,4,4-6 phonemes
15,aria,3,j,3,4.1430552120470825,4,4-6 phonemes
15,aria,4,a,1,0.0067103078831116,4,4-6 phonemes
16,un,1,u,317,6.171314038397484,2,1-3 phonemes
16,un,2,n,1,1.0985164410820585,2,1-3 phonemes
17,odore,1,o,536,5.047207850501211,5,4-6 phonemes
17,odore,2,d,14,4.742556511328875,5,4-6 phonemes
17,odore,3,o,5,0.0381502574362534,5,4-6 phonemes
17,odore,4,r,4,0.0001447102822235,5,4-6 phonemes
17,odore,5,e,1,0.0172072190179181,5,4-6 phonemes
18,insolito,1,i,2413,4.062461545410478,8,7+ phonemes
18,insolito,2,n,1168,0.3975232316940604,8,7+ phonemes
18,insolito,3,s,153,3.2722599074998207,8,7+ phonemes
18,insolito,4,O,7,3.1282296893366914,8,7+ phonemes
18,insolito,5,l,4,0.0506417955455595,8,7+ phonemes
18,insolito,6,i,4,-0.0,8,7+ phonemes
18,insolito,7,t,4,-0.0,8,7+ phonemes
18,insolito,8,o,1,0.7981011008534035,8,7+ phonemes
19,è,1,E,1,7.027502796830224,1,1-3 phonemes
20,lo,1,l,1046,3.823244488751609,2,1-3 phonemes
20,lo,2,o,1,4.878009976609952,2,1-3 phonemes
21,fece,1,f,1187,5.59205690067203,4,4-6 phonemes
21,fece,2,e,128,3.993182805664605,4,4-6 phonemes
21,fece,3,tS,3,1.1617369631673522,4,4-6 phonemes
21,fece,4,e,1,0.3550125123368641,4,4-6 phonemes
22,notare,1,n,428,6.300531976288085,6,4-6 phonemes
22,notare,2,o,75,1.1628348107999935,6,4-6 phonemes
22,notare,3,t,21,0.7980561697733909,6,4-6 phonemes
22,notare,4,a,12,0.0094526401834611,6,4-6 phonemes
22,notare,5,r,6,0.0106842855661752,6,4-6 phonemes
22,notare,6,e,1,0.0026655474934885,6,4-6 phonemes
23,all,1,a,2660,2.6762186997554465,2,1-3 phonemes
23,all,2,ll,1,4.041330084383789,2,1-3 phonemes
24,orsa,1,o,487,7.048912642660145,4,4-6 phonemes
24,orsa,2,r,107,0.6630112911085477,4,4-6 phonemes
24,orsa,3,s,5,1.1299625495797765,4,4-6 phonemes
24,orsa,4,a,1,10.82046897626713,4,4-6 phonemes
25,maggiore,1,m,1844,4.889645428138082,6,4-6 phonemes
25,maggiore,2,a,712,0.8927617366836496,6,4-6 phonemes
25,maggiore,3,ddZ,12,6.331954532949599,6,4-6 phonemes
25,maggiore,4,o,11,0.0468834468204301,6,4-6 phonemes
25,maggiore,5,r,10,0.1024868989676481,6,4-6 phonemes
25,maggiore,6,e,1,1.5996656149829749,6,4-6 phonemes
26,la,1,l,827,4.293910554118023,2,1-3 phonemes
26,la,2,a,1,0.910499095338843,2,1-3 phonemes
27,minore,1,m,2111,3.705475225707039,6,4-6 phonemes
27,minore,2,i,290,2.71785967574779,6,4-6 phonemes
27,minore,3,n,63,3.113430222541232,6,4-6 phonemes
27,minore,4,o,7,2.44478626488145,6,4-6 phonemes
27,minore,5,r,6,0.0300281621816403,6,4-6 phonemes
27,minore,6,e,1,0.5218336166637186,6,4-6 phonemes
28,era,1,E,154,6.749688984421782,3,1-3 phonemes
28,era,2,r,26,1.6154187100375914,3,1-3 phonemes
28,era,3,a,1,0.8489797737181857,3,1-3 phonemes
29,sua,1,s,3912,2.921947639045498,3,1-3 phonemes
29,sua,2,u,241,3.752839404433089,3,1-3 phonemes
29,sua,3,a,1,1.834859486764908,3,1-3 phonemes
30,figlia,1,f,1313,4.21876216766252,4,4-6 phonemes
30,figlia,2,i,208,0.79715095964051,4,4-6 phonemes
30,figlia,3,LL,16,0.1612099148069646,4,4-6 phonemes
30,figlia,4,a,1,0.0836418823815962,4,4-6 phonemes
31,che,1,k,2718,4.477603433452979,2,1-3 phonemes
31,che,2,e,1,0.9155963873702162,2,1-3 phonemes
32,sia,1,s,3335,2.2934989443610108,3,1-3 phonemes
32,sia,2,i,186,0.8669665743223713,3,1-3 phonemes
32,sia,3,a,1,10.015397784435354,3,1-3 phonemes
33,arrivata,1,a,2793,3.753399927754048,7,7+ phonemes
33,arrivata,2,rr,90,3.060447911979499,7,7+ phonemes
33,arrivata,3,i,20,0.1652413589036809,7,7+ phonemes
33,arrivata,4,v,17,0.0010255410597014,7,7+ phonemes
33,arrivata,5,a,13,0.0002888552560027,7,7+ phonemes
33,arrivata,6,t,4,0.0025815433011579,7,7+ phonemes
33,arrivata,7,a,1,0.3375650887567046,7,7+ phonemes
34,qualche,1,k,1766,3.610606259842812,6,4-6 phonemes
34,qualche,2,w,124,2.408122742342227,6,4-6 phonemes
34,qualche,3,a,77,1.1210227765869651,6,4-6 phonemes
34,qualche,4,l,18,1.3265206323769216,6,4-6 phonemes
34,qualche,5,k,6,0.0468243258069977,6,4-6 phonemes
34,qualche,6,e,1,0.097989288350077,6,4-6 phonemes
35,spedizione,1,s,1574,3.537134254923853,10,7+ phonemes
35,spedizione,2,p,198,8.221648783328488,10,7+ phonemes
35,spedizione,3,e,37,1.954294839688831,10,7+ phonemes
35,spedizione,4,d,1,8.750134750900266,10,7+ phonemes
35,spedizione,5,i,1,-0.0,10,7+ phonemes
35,spedizione,6,tts,1,-0.0,10,7+ phonemes
35,spedizione,7,j,1,-0.0,10,7+ phonemes
35,spedizione,8,o,1,-0.0,10,7+ phonemes
35,spedizione,9,n,1,-0.0,10,7+ phonemes
35,spedizione,10,e,1,-0.0,10,7+ phonemes
36,furono,1,f,1355,5.857928977667752,6,4-6 phonemes
36,furono,2,u,138,4.613734921500475,6,4-6 phonemes
36,furono,3,r,29,2.7277977755581144,6,4-6 phonemes
36,furono,4,o,4,2.5720646001900533,6,4-6 phonemes
36,furono,5,n,1,0.0868481198552572,6,4-6 phonemes
36,furono,6,o,1,-0.0,6,4-6 phonemes
37,invece,1,i,2955,3.1449974165489785,6,4-6 phonemes
37,invece,2,n,1441,1.2756245952602023,6,4-6 phonemes
37,invece,3,v,166,2.426807557271802,6,4-6 phonemes
37,invece,4,e,40,1.6935590716272135,6,4-6 phonemes
37,invece,5,tS,1,0.611108024931165,6,4-6 phonemes
37,invece,6,e,1,-0.0,6,4-6 phonemes
38,gli,1,L,8,5.156799107106168,2,1-3 phonemes
38,gli,2,i,1,0.0081618498263905,2,1-3 phonemes
39,orsacchiotti,1,o,771,4.021557920182858,9,7+ phonemes
39,orsacchiotti,2,r,188,0.5738740768943322,9,7+ phonemes
39,orsacchiotti,3,s,13,1.6863117895361763,9,7+ phonemes
39,orsacchiotti,4,a,2,1.8827261660633705,9,7+ phonemes
39,orsacchiotti,5,kk,1,19.93156856932417,9,7+ phonemes
39,orsacchiotti,6,j,1,-0.0,9,7+ phonemes
39,orsacchiotti,7,O,1,-0.0,9,7+ phonemes
39,orsacchiotti,8,tt,1,-0.0,9,7+ phonemes
39,orsacchiotti,9,i,1,-0.0,9,7+ phonemes
40,a,1,a,1,4.415435798970714,1,1-3 phonemes
41,trovare,1,t,1787,4.284656493727796,7,7+ phonemes
41,trovare,2,r,613,1.724007686179967,7,7+ phonemes
41,trovare,3,o,51,0.6658243426893528,7,7+ phonemes
41,trovare,4,v,29,0.026184730087633,7,7+ phonemes
41,trovare,5,a,23,0.0009032636466082,7,7+ phonemes
41,trovare,6,r,13,0.0025550130287898,7,7+ phonemes
41,trovare,7,e,1,0.6784095001888458,7,7+ phonemes
42,la,1,l,741,2.2549336509858726,2,1-3 phonemes
42,la,2,a,1,0.9826768997590865,2,1-3 phonemes
43,viola,1,v,1022,4.690949774430319,5,4-6 phonemes
43,viola,2,j,46,5.332612395051034,5,4-6 phonemes
43,viola,3,O,2,0.6427406247489649,5,4-6 phonemes
43,viola,4,l,2,-0.0,5,4-6 phonemes
43,viola,5,a,1,0.0130218248500951,5,4-6 phonemes
44,era,1,E,130,8.315504937266931,3,1-3 phonemes
44,era,2,r,21,1.1422677182202194,3,1-3 phonemes
44,era,3,a,1,0.4100360030932192,3,1-3 phonemes
45,una,1,u,301,3.08535794193302,3,1-3 phonemes
45,una,2,n,64,0.0675976750591677,3,1-3 phonemes
45,una,3,a,1,1.141316340653867,3,1-3 phonemes
46,piccola,1,p,2892,3.5219877636083696,6,4-6 phonemes
46,piccola,2,i,173,2.38864352323911,6,4-6 phonemes
46,piccola,3,kk,20,0.2637053645240612,6,4-6 phonemes
46,piccola,4,o,10,0.0065719584040664,6,4-6 phonemes
46,piccola,5,l,7,0.0027761310284814,6,4-6 phonemes
46,piccola,6,a,1,0.0830218430573461,6,4-6 phonemes
47,violetta,1,v,1101,3.531063309273682,7,7+ phonemes
47,violetta,2,j,52,0.6523597588177361,7,7+ phonemes
47,violetta,3,o,30,5.442676109902135,7,7+ phonemes
47,violetta,4,l,30,-0.0,7,7+ phonemes
47,violetta,5,e,7,0.1765676579534557,7,7+ phonemes
47,violetta,6,tt,4,0.004930198041869,7,7+ phonemes
47,violetta,7,a,1,0.0848670574191852,7,7+ phonemes
48,mammola,1,m,1745,5.144104592607966,6,4-6 phonemes
48,mammola,2,a,677,1.0917875074905647,6,4-6 phonemes
48,mammola,3,mm,6,7.878643921412933,6,4-6 phonemes
48,mammola,4,o,2,5.904323534722668,6,4-6 phonemes
48,mammola,5,l,1,2.867017635367745,6,4-6 phonemes
48,mammola,6,a,1,-0.0,6,4-6 phonemes
49,è,1,E,1,5.8440420211009965,1,1-3 phonemes
50,tremava,1,t,1848,5.325777166862646,7,7+ phonemes
50,tremava,2,r,679,1.9892654676193355,7,7+ phonemes
50,tremava,3,e,48,2.235822385956433,7,7+ phonemes
50,tremava,4,m,15,4.014986594642701,7,7+ phonemes
50,tremava,5,a,7,0.4163165440906031,7,7+ phonemes
50,tremava,6,v,1,9.55743022283297,7,7+ phonemes
50,tremava,7,a,1,-0.0,7,7+ phonemes
51,di,1,d,1738,3.8211300688547305,2,1-3 phonemes
51,di,2,i,1,2.0792672272809907,2,1-3 phonemes
52,freddo,1,f,1883,3.906292665052428,5,4-6 phonemes
52,freddo,2,r,274,2.3466955319953797,5,4-6 phonemes
52,freddo,3,e,70,3.3347969607197103,5,4-6 phonemes
52,freddo,4,dd,7,1.6922743417247867,5,4-6 phonemes
52,freddo,5,o,1,0.1544258050534246,5,4-6 phonemes
53,ma,1,m,1975,5.02293421266018,2,1-3 phonemes
53,ma,2,a,1,2.066559386708242,2,1-3 phonemes
54,continuava,1,k,2911,3.995264363841436,10,7+ phonemes
54,continuava,2,o,1426,1.5900110043094855,10,7+ phonemes
54,continuava,3,n,565,0.845123937260479,10,7+ phonemes
54,continuava,4,t,204,3.219345885250632,10,7+ phonemes
54,continuava,5,i,32,1.1768304082615535,10,7+ phonemes
54,continuava,6,n,29,0.0080954899872308,10,7+ phonemes
54,continuava,7,u,17,1.0221809176977952,10,7+ phonemes
54,continuava,8,a,14,0.116561379671692,10,7+ phonemes
54,continuava,9,v,3,0.4003826238246737,10,7+ phonemes
54,continuava,10,a,1,0.880964678062373,10,7+ phonemes
55,coraggiosamente,1,k,1064,5.604176263646845,13,7+ phonemes
55,coraggiosamente,2,o,559,0.4277620754674047,13,7+ phonemes
55,coraggiosamente,3,r,19,8.99930724063742,13,7+ phonemes
55,coraggiosamente,4,a,4,1.4622348292333225,13,7+ phonemes
55,coraggiosamente,5,ddZ,4,-0.0,13,7+ phonemes
55,coraggiosamente,6,o,4,-0.0,13,7+ phonemes
55,coraggiosamente,7,z,2,1.1825537158233703,13,7+ phonemes
55,coraggiosamente,8,a,2,-0.0,13,7+ phonemes
55,coraggiosamente,9,m,1,0.2312067379445159,13,7+ phonemes
55,coraggiosamente,10,e,1,-0.0,13,7+ phonemes
55,coraggiosamente,11,n,1,-0.0,13,7+ phonemes
55,coraggiosamente,12,t,1,-0.0,13,7+ phonemes
55,coraggiosamente,13,e,1,-0.0,13,7+ phonemes
56,a,1,a,1,0.7276874888858882,1,1-3 phonemes
57,profumare,1,p,2320,3.0750223020875995,9,7+ phonemes
57,profumare,2,r,793,1.6473783194515743,9,7+ phonemes
57,profumare,3,o,337,2.5414440384814307,9,7+ phonemes
57,profumare,4,f,42,4.686603464139491,9,7+ phonemes
57,profumare,5,u,10,1.3974107135517992,9,7+ phonemes
57,profumare,6,m,8,0.6103746832256296,9,7+ phonemes
57,profumare,7,a,6,0.1845087587273683,9,7+ phonemes
57,profumare,8,r,2,0.8238090392061475,9,7+ phonemes
57,profumare,9,e,1,0.0263293285313723,9,7+ phonemes
58,l',1,l,1,4.829118739772493,1,1-3 phonemes
59,aria,1,a,304,11.23106637628718,4,4-6 phonemes
59,aria,2,r,38,3.786546005566869,4,4-6 phonemes
59,aria,3,j,1,2.1482043937232245,4,4-6 phonemes
59,aria,4,a,1,-0.0,4,4-6 phonemes
60,perche,1,p,3210,4.369195514614446,5,4-6 phonemes
60,perche,2,e,465,1.5222400525322688,5,4-6 phonemes
60,perche,3,r,236,0.1934663422756894,5,4-6 phonemes
60,perche,4,k,22,3.442097788923956,5,4-6 phonemes
60,perche,5,e,1,5.531129790932196,5,4-6 phonemes
61,quello,1,k,3469,4.783432965274271,5,4-6 phonemes
61,quello,2,w,149,2.4104581969857115,5,4-6 phonemes
61,quello,3,e,18,2.125715721269634,5,4-6 phonemes
61,quello,4,ll,4,1.6347773085916617,5,4-6 phonemes
61,quello,5,o,1,2.7512186963238743,5,4-6 phonemes
62,era,1,E,141,3.0961512573383057,3,1-3 phonemes
62,era,2,r,23,0.369354595868937,3,1-3 phonemes
62,era,3,a,1,0.022885671442243,3,1-3 phonemes
63,il,1,i,2117,3.583083267034844,2,1-3 phonemes
63,il,2,l,1,0.4322300791893218,2,1-3 phonemes
64,suo,1,s,2548,2.461628441914107,3,1-3 phonemes
64,suo,2,u,190,1.7346912687403708,3,1-3 phonemes
64,suo,3,o,1,0.114858829501995,3,1-3 phonemes
65,dovere,1,d,1323,5.069313740696746,6,4-6 phonemes
65,dovere,2,o,153,2.599439104204295,6,4-6 phonemes
65,dovere,3,v,33,2.5176477040980063,6,4-6 phonemes
65,dovere,4,e,17,0.0810033652100911,6,4-6 phonemes
65,dovere,5,r,6,0.4464779038407703,6,4-6 phonemes
65,dovere,6,e,1,0.0161625485617572,6,4-6 phonemes
66,prima,1,p,3455,3.1694662260254405,5,4-6 phonemes
66,prima,2,r,1297,1.9056257193495871,5,4-6 phonemes
66,prima,3,i,78,2.628072039616572,5,4-6 phonemes
66,prima,4,m,26,0.3624235171863702,5,4-6 phonemes
66,prima,5,a,1,0.427152445555108,5,4-6 phonemes
67,di,1,d,1779,0.9050686936171034,2,1-3 phonemes
67,di,2,i,1,0.3685605221676845,2,1-3 phonemes
68,sera,1,s,2399,3.81303954429225,4,4-6 phonemes
68,sera,2,e,246,2.98768338930755,4,4-6 phonemes
68,sera,3,r,33,3.2749311126196288,4,4-6 phonemes
68,sera,4,a,1,3.370714577065988,4,4-6 phonemes
69,si,1,s,5115,3.306449929555581,2,1-3 phonemes
69,si,2,i,1,2.8757237417537658,2,1-3 phonemes
70,sparse,1,s,4311,2.714050237475764,6,4-6 phonemes
70,sparse,2,p,708,3.7519475068277215,6,4-6 phonemes
70,sparse,3,a,179,2.5808953655985944,6,4-6 phonemes
70,sparse,4,r,66,1.1207902375763443,6,4-6 phonemes
70,sparse,5,s,5,0.960969660293282,6,4-6 phonemes
70,sparse,6,e,1,0.1593085816837375,6,4-6 phonemes
71,per,1,p,2166,2.094695811780352,3,1-3 phonemes
71,per,2,e,278,0.0726512800663322,3,1-3 phonemes
71,per,3,r,1,0.0107842882454427,3,1-3 phonemes
72,tutto,1,t,850,4.485982037164392,4,4-6 phonemes
72,tutto,2,u,40,1.8425094336720504,4,4-6 phonemes
72,tutto,3,tt,6,0.0081573050021595,4,4-6 phonemes
72,tutto,4,o,1,1.0797054187312265,4,4-6 phonemes
73,il,1,i,438,0.4229850775040055,2,1-3 phonemes
73,il,2,l,1,0.0246871385530922,2,1-3 phonemes
74,polo,1,p,1729,2.1482454066213625,4,4-6 phonemes
74,polo,2,O,76,3.807267048933783,4,4-6 phonemes
74,polo,3,l,10,1.56322849217756,4,4-6 phonemes
74,polo,4,o,1,0.1455764569899124,4,4-6 phonemes
75,la,1,l,423,8.329283722555434,2,1-3 phonemes
75,la,2,a,1,1.7357683986464754,2,1-3 phonemes
76,notizia,1,n,545,4.339933163694116,7,7+ phonemes
76,notizia,2,o,85,4.425393799132303,7,7+ phonemes
76,notizia,3,t,26,1.068551528045806,7,7+ phonemes
76,notizia,4,i,6,0.2280667202324286,7,7+ phonemes
76,notizia,5,tts,4,0.0035847621851492,7,7+ phonemes
76,notizia,6,j,4,-0.0,7,7+ phonemes
76,notizia,7,a,1,0.0051576754155783,7,7+ phonemes
77,un,1,u,255,8.02014502010024,2,1-3 phonemes
77,un,2,n,1,2.0336360460947227,2,1-3 phonemes
78,piccolo,1,p,2723,2.957205855657964,6,4-6 phonemes
78,piccolo,2,i,181,3.020037225039521,6,4-6 phonemes
78,piccolo,3,kk,27,0.1721468435325194,6,4-6 phonemes
78,piccolo,4,o,10,0.0086955236476802,6,4-6 phonemes
78,piccolo,5,l,7,0.0427265943048667,6,4-6 phonemes
78,piccolo,6,o,1,0.0264458491545756,6,4-6 phonemes
79,strano,1,s,4069,3.5039355284994955,6,4-6 phonemes
79,strano,2,t,525,3.66680381852428,6,4-6 phonemes
79,strano,3,r,173,1.2850211085261862,6,4-6 phonemes
79,strano,4,a,65,1.6400218896794083,6,4-6 phonemes
79,strano,5,n,11,0.4000324743473904,6,4-6 phonemes
79,strano,6,o,1,0.4934638121946404,6,4-6 phonemes
80,essere,1,E,152,5.261109718994456,5,4-6 phonemes
80,essere,2,ss,13,2.666862225110852,5,4-6 phonemes
80,essere,3,e,13,-0.0,5,4-6 phonemes
80,essere,4,r,12,0.0001348123890575,5,4-6 phonemes
80,essere,5,e,1,0.130697573471328,5,4-6 phonemes
81,profumato,1,p,2931,4.332970659421957,9,7+ phonemes
81,profumato,2,r,904,1.9398032992337304,9,7+ phonemes
81,profumato,3,o,397,1.3416786742813724,9,7+ phonemes
81,profumato,4,f,39,5.092357997948966,9,7+ phonemes
81,profumato,5,u,10,1.277952910274932,9,7+ phonemes
81,profumato,6,m,9,0.0215196504212083,9,7+ phonemes
81,profumato,7,a,7,0.31931807576624,9,7+ phonemes
81,profumato,8,t,4,0.0236632653022088,9,7+ phonemes
81,profumato,9,o,1,0.7053427519382706,9,7+ phonemes
82,di,1,d,1573,2.436762811418631,2,1-3 phonemes
82,di,2,i,1,2.119561175138896,2,1-3 phonemes
83,colore,1,k,3483,2.9695189276937235,6,4-6 phonemes
83,colore,2,o,1386,1.1905166392617827,6,4-6 phonemes
83,colore,3,l,112,0.3139985400978184,6,4-6 phonemes
83,colore,4,o,40,0.0428904243166179,6,4-6 phonemes
83,colore,5,r,21,0.0085026664148776,6,4-6 phonemes
83,colore,6,e,1,0.1633316851043108,6,4-6 phonemes
84,violetto,1,v,899,2.607174018241556,7,7+ phonemes
84,violetto,2,j,39,0.615654725156216,7,7+ phonemes
84,violetto,3,o,26,6.7302263176042105,7,7+ phonemes
84,violetto,4,l,26,-0.0,7,7+ phonemes
84,violetto,5,e,7,1.0910338915268007,7,7+ phonemes
84,violetto,6,tt,4,0.0059983999575131,7,7+ phonemes
84,violetto,7,o,1,0.4146889123905978,7,7+ phonemes
85,era,1,E,143,3.909678949362614,3,1-3 phonemes
85,era,2,r,24,0.3952042513266967,3,1-3 phonemes
85,era,3,a,1,0.0344729769845245,3,1-3 phonemes
86,apparso,1,a,2725,3.725727149799969,6,4-6 phonemes
86,apparso,2,pp,168,3.717858312851212,6,4-6 phonemes
86,apparso,3,a,56,1.884995427571862,6,4-6 phonemes
86,apparso,4,r,39,0.0283729733804031,6,4-6 phonemes
86,apparso,5,s,4,0.6097985834376668,6,4-6 phonemes
86,apparso,6,o,1,0.7182076995427724,6,4-6 phonemes
87,nel,1,n,346,3.4266745551631144,3,1-3 phonemes
87,nel,2,e,78,0.0497414969038351,3,1-3 phonemes
87,nel,3,l,1,1.6800916136104005,3,1-3 phonemes
88,deserto,1,d,1043,5.711481921290663,7,7+ phonemes
88,deserto,2,e,244,0.6528695605299266,7,7+ phonemes
88,deserto,3,z,7,0.1483977812102802,7,7+ phonemes
88,deserto,4,E,3,0.0009499820898913,7,7+ phonemes
88,deserto,5,r,3,-0.0,7,7+ phonemes
88,deserto,6,t,3,-0.0,7,7+ phonemes
88,deserto,7,o,1,0.0009705488934648,7,7+ phonemes
89,di,1,d,1620,2.204908742936801,2,1-3 phonemes
89,di,2,i,1,2.0837276872057817,2,1-3 phonemes
90,ghiaccio,1,g,580,6.856824198593412,5,4-6 phonemes
90,ghiaccio,2,j,22,1.0433053137460178,5,4-6 phonemes
90,ghiaccio,3,a,15,0.0065043679026742,5,4-6 phonemes
90,ghiaccio,4,ttS,9,0.0664756622207195,5,4-6 phonemes
90,ghiaccio,5,o,1,0.0462460949785636,5,4-6 phonemes
91,si,1,s,4334,3.6393668854935206,2,1-3 phonemes
91,si,2,i,1,3.4444911863714287,2,1-3 phonemes
92,reggeva,1,r,2639,4.090755886322507,6,4-6 phonemes
92,reggeva,2,e,303,3.051853965089267,6,4-6 phonemes
92,reggeva,3,ddZ,3,8.701002796351176,6,4-6 phonemes
92,reggeva,4,e,3,-0.0,6,4-6 phonemes
92,reggeva,5,v,3,-0.0,6,4-6 phonemes
92,reggeva,6,a,1,0.1010557619056249,6,4-6 phonemes
93,su,1,s,2912,2.087588345951425,2,1-3 phonemes
93,su,2,u,1,2.2433145404672006,2,1-3 phonemes
94,na,1,n,268,8.539342298204414,2,1-3 phonemes
94,na,2,a,1,6.27082398092135,2,1-3 phonemes
95,sola,1,s,3287,2.521621938881634,4,4-6 phonemes
95,sola,2,o,363,4.398454260936611,4,4-6 phonemes
95,sola,3,l,36,2.372013699377949,4,4-6 phonemes
95,sola,4,a,1,0.2375871091758254,4,4-6 phonemes
96,zampa,1,dz,66,9.125770453022266,5,4-6 phonemes
96,zampa,2,a,43,0.2003491306585667,5,4-6 phonemes
96,zampa,3,m,16,0.5559114147661296,5,4-6 phonemes
96,zampa,4,p,14,0.0137276481235524,5,4-6 phonemes
96,zampa,5,a,1,0.6215445567850628,5,4-6 phonemes
97,è,1,E,1,8.487104420229604,1,1-3 phonemes
98,non,1,n,435,4.885451640491198,3,1-3 phonemes
98,non,2,O,43,1.0248577096215608,3,1-3 phonemes
98,non,3,n,1,0.0858919135819954,3,1-3 phonemes
99,si,1,s,3098,1.912500371886083,2,1-3 phonemes
99,si,2,i,1,0.9094900254777784,2,1-3 phonemes
100,muoveva,1,m,794,3.224383785867808,7,7+ phonemes
100,muoveva,2,w,31,0.9533032816930928,7,7+ phonemes
100,muoveva,3,o,15,0.593750458176574,7,7+ phonemes
100,muoveva,4,v,15,-0.0,7,7+ phonemes
100,muoveva,5,e,12,0.0003092713845946,7,7+ phonemes
100,muoveva,6,v,4,0.0012843834381394,7,7+ phonemes
100,muoveva,7,a,1,0.0855419959296523,7,7+ phonemes
101,a,1,a,1,5.6270742122173045,1,1-3 phonemes
102,vedere,1,v,824,4.506851016495941,6,4-6 phonemes
102,vedere,2,e,243,1.3921051878845303,6,4-6 phonemes
102,vedere,3,d,37,0.6179328860337062,6,4-6 phonemes
102,vedere,4,e,21,0.0029691956036447,6,4-6 phonemes
102,vedere,5,r,14,0.008218724219019,6,4-6 phonemes
102,vedere,6,e,1,0.2740046864544826,6,4-6 phonemes
103,la,1,l,552,3.2595424179008794,2,1-3 phonemes
103,la,2,a,1,1.0572716497590655,2,1-3 phonemes
104,viola,1,v,970,1.636764397436561,5,4-6 phonemes
104,viola,2,j,39,0.2137957978831097,5,4-6 phonemes
104,viola,3,O,2,0.0316927360019245,5,4-6 phonemes
104,viola,4,l,2,-0.0,5,4-6 phonemes
104,viola,5,a,1,1.3254838223886217e-05,5,4-6 phonemes
105,vennero,1,v,982,5.262935792166791,6,4-6 phonemes
105,vennero,2,e,313,1.4316630106920727,6,4-6 phonemes
105,vennero,3,nn,2,3.033145839033807,6,4-6 phonemes
105,vennero,4,e,2,-0.0,6,4-6 phonemes
105,vennero,5,r,1,3.5495581562885707,6,4-6 phonemes
105,vennero,6,o,1,-0.0,6,4-6 phonemes
106,foche,1,f,1245,5.231480766829949,4,4-6 phonemes
106,foche,2,O,38,5.304159712558072,4,4-6 phonemes
106,foche,3,k,2,8.887540423180518,4,4-6 phonemes
106,foche,4,e,1,0.8309049449116742,4,4-6 phonemes
107,è,1,E,1,12.138926242479794,1,1-3 phonemes
108,trichechi,1,t,1887,4.549251192754653,7,7+ phonemes
108,trichechi,2,r,624,2.0744346010670003,7,7+ phonemes
108,trichechi,3,i,82,3.4628699584000717,7,7+ phonemes
108,trichechi,4,k,2,5.940881837141281,7,7+ phonemes
108,trichechi,5,e,1,19.06499217476033,7,7+ phonemes
108,trichechi,6,k,1,-0.0,7,7+ phonemes
108,trichechi,7,i,1,-0.0,7,7+ phonemes
109,vennero,1,v,906,6.678418421649369,6,4-6 phonemes
109,vennero,2,e,292,1.857409000662728,6,4-6 phonemes
109,vennero,3,nn,2,3.841747184790089,6,4-6 phonemes
109,vennero,4,e,2,-0.0,6,4-6 phonemes
109,vennero,5,r,1,0.144567505613739,6,4-6 phonemes
109,vennero,6,o,1,-0.0,6,4-6 phonemes
110,dalla,1,d,1757,4.180290063211199,4,4-6 phonemes
110,dalla,2,a,126,2.441065808896961,4,4-6 phonemes
110,dalla,3,ll,5,2.340765941401416,4,4-6 phonemes
110,dalla,4,a,1,1.114201362699277,4,4-6 phonemes
111,siberia,1,s,3860,2.857595374516362,7,7+ phonemes
111,siberia,2,i,200,5.393583786005072,7,7+ phonemes
111,siberia,3,b,4,9.33432989708696,7,7+ phonemes
111,siberia,4,E,1,1.4963870691495362,7,7+ phonemes
111,siberia,5,r,1,-0.0,7,7+ phonemes
111,siberia,6,j,1,-0.0,7,7+ phonemes
111,siberia,7,a,1,-0.0,7,7+ phonemes
112,le,1,l,888,4.114059396340045,2,1-3 phonemes
112,le,2,e,1,1.3185891170074573,2,1-3 phonemes
113,renne,1,r,2327,4.912064859220027,4,4-6 phonemes
113,renne,2,E,83,5.235094614739838,4,4-6 phonemes
113,renne,3,nn,2,5.439251539602025,4,4-6 phonemes
113,renne,4,e,1,0.0296356985604451,4,4-6 phonemes
114,dall',1,d,1940,2.332375214754311,3,1-3 phonemes
114,dall',2,a,123,4.205607049224531,3,1-3 phonemes
114,dall',3,ll,1,4.12278473914287,3,1-3 phonemes
115,america,1,a,3631,3.680124137717511,7,7+ phonemes
115,america,2,m,169,5.606498990362097,7,7+ phonemes
115,america,3,E,10,2.131145612546148,7,7+ phonemes
115,america,4,r,4,0.0266076005928595,7,7+ phonemes
115,america,5,i,3,0.0004403058139589,7,7+ phonemes
115,america,6,k,3,-0.0,7,7+ phonemes
115,america,7,a,1,0.0319351137891989,7,7+ phonemes
116,i,1,i,1,4.694394410392603,1,1-3 phonemes
117,buoi,1,b,1656,3.863975394588176,4,4-6 phonemes
117,buoi,2,w,9,5.255714509362184,4,4-6 phonemes
117,buoi,3,O,8,0.0003660799515892,4,4-6 phonemes
117,buoi,4,i,1,0.146160113682731,4,4-6 phonemes
118,muschiati,1,m,2006,4.430654917385101,8,7+ phonemes
118,muschiati,2,u,142,4.789051276616153,8,7+ phonemes
118,muschiati,3,s,18,2.073724385508162,8,7+ phonemes
118,muschiati,4,k,13,0.129336195871194,8,7+ phonemes
118,muschiati,5,j,2,1.558436927913564,8,7+ phonemes
118,muschiati,6,a,1,5.255363297942879,8,7+ phonemes
118,muschiati,7,t,1,-0.0,8,7+ phonemes
118,muschiati,8,i,1,-0.0,8,7+ phonemes
119,è,1,E,1,9.766369163517863,1,1-3 phonemes
120,più,1,p,3314,3.903047560247192,3,1-3 phonemes
120,più,2,j,185,4.2532246041097,3,1-3 phonemes
120,più,3,u,1,1.6439101641818092,3,1-3 phonemes
121,di,1,d,2100,3.6497211496984754,2,1-3 phonemes
121,di,2,i,1,2.735331511735882,2,1-3 phonemes
122,lontano,1,l,1068,4.48717369872723,7,7+ phonemes
122,lontano,2,o,79,4.038418849784392,7,7+ phonemes
122,lontano,3,n,14,3.9938365469028554,7,7+ phonemes
122,lontano,4,t,10,0.0815633760030976,7,7+ phonemes
122,lontano,5,a,9,0.0580831899359783,7,7+ phonemes
122,lontano,6,n,9,-0.0,7,7+ phonemes
122,lontano,7,o,1,0.9450877320290948,7,7+ phonemes
123,ancora,1,a,3801,3.6009292558041675,6,4-6 phonemes
123,ancora,2,N,44,5.246732525318989,6,4-6 phonemes
123,ancora,3,k,15,0.0875068921595959,6,4-6 phonemes
123,ancora,4,o,12,0.890676636152431,6,4-6 phonemes
123,ancora,5,r,11,0.0029394757352406,6,4-6 phonemes
123,ancora,6,a,1,0.0784725659342547,6,4-6 phonemes
124,volpi,1,v,1124,5.601861685944897,5,4-6 phonemes
124,volpi,2,o,122,2.6359812119692347,5,4-6 phonemes
124,volpi,3,l,78,0.0880166957965945,5,4-6 phonemes
124,volpi,4,p,3,9.141574318736389,5,4-6 phonemes
124,volpi,5,i,1,0.8818436388593883,5,4-6 phonemes
125,bianche,1,b,1127,6.465136800399355,6,4-6 phonemes
125,bianche,2,j,38,1.98488923425201,6,4-6 phonemes
125,bianche,3,a,22,0.0118853055578479,6,4-6 phonemes
125,bianche,4,N,20,0.0001424823290719,6,4-6 phonemes
125,bianche,5,k,20,-0.0,6,4-6 phonemes
125,bianche,6,e,1,3.011880174531752,6,4-6 phonemes
126,lupi,1,l,842,4.442185019401795,4,4-6 phonemes
126,lupi,2,u,101,2.9847421679909467,4,4-6 phonemes
126,lupi,3,p,6,9.802447608441144,4,4-6 phonemes
126,lupi,4,i,1,0.9508369303684416,4,4-6 phonemes
127,è,1,E,1,9.16900324814978,1,1-3 phonemes
128,gazze,1,g,954,5.081043428817588,4,4-6 phonemes
128,gazze,2,a,246,1.3753387273545572,4,4-6 phonemes
128,gazze,3,ddz,12,7.45119532832816,4,4-6 phonemes
128,gazze,4,e,1,3.0835379384693224,4,4-6 phonemes
129,marine,1,m,2015,4.619317232526989,6,4-6 phonemes
129,marine,2,a,803,1.1289605362517785,6,4-6 phonemes
129,marine,3,r,139,3.873609937552577,6,4-6 phonemes
129,marine,4,i,25,0.9371989633963248,6,4-6 phonemes
129,marine,5,n,13,0.191283549411499,6,4-6 phonemes
129,marine,6,e,1,0.1600110275836171,6,4-6 phonemes
130,tutti,1,t,1844,5.5619939710762925,4,4-6 phonemes
130,tutti,2,u,103,2.192984455191041,4,4-6 phonemes
130,tutti,3,tt,7,0.1337185585478736,4,4-6 phonemes
130,tutti,4,i,1,1.3141194283554072,4,4-6 phonemes
131,ammiravano,1,a,4105,3.3935615486822246,9,7+ phonemes
131,ammiravano,2,mm,144,6.262799565458131,9,7+ phonemes
131,ammiravano,3,i,41,2.7431614146124543,9,7+ phonemes
131,ammiravano,4,r,24,0.6625785070060983,9,7+ phonemes
131,ammiravano,5,a,18,0.2885945501107417,9,7+ phonemes
131,ammiravano,6,v,2,2.863093622394384,9,7+ phonemes
131,ammiravano,7,a,2,-0.0,9,7+ phonemes
131,ammiravano,8,n,1,1.1323644474243613,9,7+ phonemes
131,ammiravano,9,o,1,-0.0,9,7+ phonemes
132,il,1,i,1938,2.2267268822178887,2,1-3 phonemes
132,il,2,l,1,0.6318944439185439,2,1-3 phonemes
133,fiore,1,f,1276,4.865313299611214,5,4-6 phonemes
133,fiore,2,j,101,2.5183318897165403,5,4-6 phonemes
133,fiore,3,o,39,0.7788903421293425,5,4-6 phonemes
133,fiore,4,r,35,0.0175514260716319,5,4-6 phonemes
133,fiore,5,e,1,0.2393911326592059,5,4-6 phonemes
134,sconosciuto,1,s,4422,3.91542780134358,9,7+ phonemes
134,sconosciuto,2,k,789,3.3177612322189383,9,7+ phonemes
134,sconosciuto,3,o,254,2.490475244387526,9,7+ phonemes
134,sconosciuto,4,n,48,3.43890701916024,9,7+ phonemes
134,sconosciuto,5,o,4,0.9611226576165618,9,7+ phonemes
134,sconosciuto,6,SS,4,-0.0,9,7+ phonemes
134,sconosciuto,7,u,4,-0.0,9,7+ phonemes
134,sconosciuto,8,t,4,-0.0,9,7+ phonemes
134,sconosciuto,9,o,1,0.0552932440099985,9,7+ phonemes
135,il,1,i,2649,3.8442798075330864,2,1-3 phonemes
135,il,2,l,1,0.9600073891772312,2,1-3 phonemes
136,suo,1,s,3337,2.508188855126793,3,1-3 phonemes
136,suo,2,u,238,1.5439649436620355,3,1-3 phonemes
136,suo,3,o,1,0.1012299712704141,3,1-3 phonemes
137,stelo,1,s,3029,3.4504659726169606,5,4-6 phonemes
137,stelo,2,t,382,4.0062898211613005,5,4-6 phonemes
137,stelo,3,e,30,3.169445277201392,5,4-6 phonemes
137,stelo,4,l,1,4.417839599540221,5,4-6 phonemes
137,stelo,5,o,1,-0.0,5,4-6 phonemes
138,tremante,1,t,1652,5.788199643382044,8,7+ phonemes
138,tremante,2,r,588,1.7349159062086932,8,7+ phonemes
138,tremante,3,e,36,3.310429777894282,8,7+ phonemes
138,tremante,4,m,16,1.388799910318044,8,7+ phonemes
138,tremante,5,a,9,0.0600820325982547,8,7+ phonemes
138,tremante,6,n,3,4.23273511858684,8,7+ phonemes
138,tremante,7,t,2,0.8623220298198591,8,7+ phonemes
138,tremante,8,e,1,0.8309049449116742,8,7+ phonemes
139,tutti,1,t,1560,6.144006165091985,4,4-6 phonemes
139,tutti,2,u,76,2.0121196104242567,4,4-6 phonemes
139,tutti,3,tt,7,0.0496847476023917,4,4-6 phonemes
139,tutti,4,i,1,2.084662698222176,4,4-6 phonemes
140,aspiravano,1,a,4070,3.886988361864837,10,7+ phonemes
140,aspiravano,2,s,142,4.012152345356276,10,7+ phonemes
140,aspiravano,3,p,61,0.4335802778873511,10,7+ phonemes
140,aspiravano,4,i,13,7.528890253524144,10,7+ phonemes
140,aspiravano,5,r,13,-0.0,10,7+ phonemes
140,aspiravano,6,a,12,0.0106980440658972,10,7+ phonemes
140,aspiravano,7,v,2,1.1880891250182448,10,7+ phonemes
140,aspiravano,8,a,2,-0.0,10,7+ phonemes
140,aspiravano,9,n,1,1.3140629071208965,10,7+ phonemes
140,aspiravano,10,o,1,-0.0,10,7+ phonemes
141,il,1,i,2282,3.27100166763021,2,1-3 phonemes
141,il,2,l,1,1.3191354839481522,2,1-3 phonemes
142,suo,1,s,2604,1.7558884188242458,3,1-3 phonemes
142,suo,2,u,176,1.2655494688582736,3,1-3 phonemes
142,suo,3,o,1,0.0611956567169454,3,1-3 phonemes
143,profumo,1,p,2732,2.098315120322951,7,7+ phonemes
143,profumo,2,r,739,0.4570277697688595,7,7+ phonemes
143,profumo,3,o,305,0.0960528666424479,7,7+ phonemes
143,profumo,4,f,49,0.013665398820114,7,7+ phonemes
143,profumo,5,u,14,0.0046687638443401,7,7+ phonemes
143,profumo,6,m,11,0.0001564976621639,7,7+ phonemes
143,profumo,7,o,1,0.0027625014609628,7,7+ phonemes
144,ma,1,m,2050,4.17504802998329,2,1-3 phonemes
144,ma,2,a,1,1.1505254607982347,2,1-3 phonemes
145,ne,1,n,485,2.3901498371095307,2,1-3 phonemes
145,ne,2,e,1,6.559067838404821,2,1-3 phonemes
146,restava,1,r,2915,4.219766084651853,7,7+ phonemes
146,restava,2,e,344,2.981586423964713,7,7+ phonemes
146,restava,3,s,104,0.4756280001453229,7,7+ phonemes
146,restava,4,t,47,0.3919957903915367,7,7+ phonemes
146,restava,5,a,27,0.0250923604754455,7,7+ phonemes
146,restava,6,v,4,0.3516042365083544,7,7+ phonemes
146,restava,7,a,1,2.058950370335539,7,7+ phonemes
147,sempre,1,s,4577,2.648784643464435,6,4-6 phonemes
147,sempre,2,E,67,2.161582307956639,6,4-6 phonemes
147,sempre,3,m,1,0.2672433292076603,6,4-6 phonemes
147,sempre,4,p,1,-0.0,6,4-6 phonemes
147,sempre,5,r,1,-0.0,6,4-6 phonemes
147,sempre,6,e,1,-0.0,6,4-6 phonemes
148,abbastanza,1,a,3522,3.171892556190874,9,7+ phonemes
148,abbastanza,2,bb,146,5.847053453928755,9,7+ phonemes
148,abbastanza,3,a,75,0.1764316520006059,9,7+ phonemes
148,abbastanza,4,s,3,1.394739941871533,9,7+ phonemes
148,abbastanza,5,t,1,0.0103096300400302,9,7+ phonemes
148,abbastanza,6,a,1,-0.0,9,7+ phonemes
148,abbastanza,7,n,1,-0.0,9,7+ phonemes
148,abbastanza,8,ts,1,-0.0,9,7+ phonemes
148,abbastanza,9,a,1,-0.0,9,7+ phonemes
149,per,1,p,2856,3.5656472865722404,3,1-3 phonemes
149,per,2,e,460,1.5919410653760844,3,1-3 phonemes
149,per,3,r,1,0.5821964103384302,3,1-3 phonemes
150,quelli,1,k,2651,3.914581800516721,5,4-6 phonemes
150,quelli,2,w,134,2.02388822462363,5,4-6 phonemes
150,quelli,3,e,16,2.1422590268251813,5,4-6 phonemes
150,quelli,4,ll,4,2.443775051790179,5,4-6 phonemes
150,quelli,5,i,1,2.54991970430052,5,4-6 phonemes
151,che,1,k,2865,0.787132938557545,2,1-3 phonemes
151,che,2,e,1,0.0673539191564749,2,1-3 phonemes
152,arrivavano,1,a,2975,2.764058569415505,9,7+ phonemes
152,arrivavano,2,rr,93,4.78119366038504,9,7+ phonemes
152,arrivavano,3,i,37,0.0332130736035461,9,7+ phonemes
152,arrivavano,4,v,32,0.0010603341816202,9,7+ phonemes
152,arrivavano,5,a,21,0.026755724524033,9,7+ phonemes
152,arrivavano,6,v,4,1.2816366443705398,9,7+ phonemes
152,arrivavano,7,a,3,0.0030396367850412,9,7+ phonemes
152,arrivavano,8,n,1,0.2310241722773552,9,7+ phonemes
152,arrivavano,9,o,1,-0.0,9,7+ phonemes
153,ultimi,1,u,308,6.303622567921197,6,4-6 phonemes
153,ultimi,2,l,26,7.524959093661522,6,4-6 phonemes
153,ultimi,3,t,14,0.154195626461784,6,4-6 phonemes
153,ultimi,4,i,6,0.5451832952419214,6,4-6 phonemes
153,ultimi,5,m,6,-0.0,6,4-6 phonemes
153,ultimi,6,i,1,3.990382793124253,6,4-6 phonemes
154,ad,1,a,3378,3.094789597745288,2,1-3 phonemes
154,ad,2,d,1,4.580798861984276,2,1-3 phonemes
155,annusare,1,a,4173,0.7915345138742937,7,7+ phonemes
155,annusare,2,nn,117,7.130045417127573,7,7+ phonemes
155,annusare,3,u,40,1.2888490232938956,7,7+ phonemes
155,annusare,4,z,8,3.617955831586371,7,7+ phonemes
155,annusare,5,a,8,-0.0,7,7+ phonemes
155,annusare,6,r,2,1.881438127538779,7,7+ phonemes
155,annusare,7,e,1,0.1383831763532916,7,7+ phonemes
156,ne,1,n,484,6.265214346206284,2,1-3 phonemes
156,ne,2,e,1,5.91879611630129,2,1-3 phonemes
157,restava,1,r,3728,3.7153914453313983,7,7+ phonemes
157,restava,2,e,468,2.8783852665475824,7,7+ phonemes
157,restava,3,s,131,0.3283705414276631,7,7+ phonemes
157,restava,4,t,65,0.2437506116344629,7,7+ phonemes
157,restava,5,a,28,0.0427544148543507,7,7+ phonemes
157,restava,6,v,4,0.0983619523738958,7,7+ phonemes
157,restava,7,a,1,0.8447763016036369,7,7+ phonemes
158,sempre,1,s,4164,1.7982072885555245,6,4-6 phonemes
158,sempre,2,E,68,0.3983142357512286,6,4-6 phonemes
158,sempre,3,m,1,0.0196496664338126,6,4-6 phonemes
158,sempre,4,p,1,-0.0,6,4-6 phonemes
158,sempre,5,r,1,-0.0,6,4-6 phonemes
158,sempre,6,e,1,-0.0,6,4-6 phonemes
159,come,1,k,3091,4.379406653733493,4,4-6 phonemes
159,come,2,o,1471,1.5412596540603016,4,4-6 phonemes
159,come,3,m,262,1.5505691766133023,4,4-6 phonemes
159,come,4,e,1,0.7002793956280483,4,4-6 phonemes
160,prima,1,p,3447,4.160403183176194,5,4-6 phonemes
160,prima,2,r,1073,1.9710659713009968,5,4-6 phonemes
160,prima,3,i,70,1.081158542605673,5,4-6 phonemes
160,prima,4,m,22,0.1380541515738968,5,4-6 phonemes
160,prima,5,a,1,0.2234671160102977,5,4-6 phonemes
161,per,1,p,3238,4.503138211143606,3,1-3 phonemes
161,per,2,e,468,1.6569704240740224,3,1-3 phonemes
161,per,3,r,1,0.5010848738868825,3,1-3 phonemes
162,mandare,1,m,1560,5.0985108770929335,7,7+ phonemes
162,mandare,2,a,621,1.8377731235523065,7,7+ phonemes
162,mandare,3,n,160,0.8947571073217956,7,7+ phonemes
162,mandare,4,d,38,2.9768631572511763,7,7+ phonemes
162,mandare,5,a,27,0.013676436984601,7,7+ phonemes
162,mandare,6,r,15,0.028773833592667,7,7+ phonemes
162,mandare,7,e,1,2.607285142496882,7,7+ phonemes
163,tanto,1,t,1433,5.51323385888533,5,4-6 phonemes
163,tanto,2,a,178,3.167025189697997,5,4-6 phonemes
163,tanto,3,n,7,0.6889835982483908,5,4-6 phonemes
163,tanto,4,t,4,0.0030862898757317,5,4-6 phonemes
163,tanto,5,o,1,1.9099971252445225,5,4-6 phonemes
164,profumo,1,p,3287,3.2149203716447268,7,7+ phonemes
164,profumo,2,r,1005,3.0884067242526787,7,7+ phonemes
164,profumo,3,o,426,0.8099935351160334,7,7+ phonemes
164,profumo,4,f,55,0.1989599665326901,7,7+ phonemes
164,profumo,5,u,14,0.096168101177262,7,7+ phonemes
164,profumo,6,m,12,0.0011417396644199,7,7+ phonemes
164,profumo,7,o,1,0.271633548845225,7,7+ phonemes
165,disse,1,d,1721,3.381412257943427,4,4-6 phonemes
165,disse,2,i,745,1.546758521794784,4,4-6 phonemes
165,disse,3,ss,45,6.139909369348862,4,4-6 phonemes
165,disse,4,e,1,0.3551341004517109,4,4-6 phonemes
166,una,1,u,341,5.142881250212779,3,1-3 phonemes
166,una,2,n,49,0.074420048927063,3,1-3 phonemes
166,una,3,a,1,1.5340606500202283,3,1-3 phonemes
167,foca,1,f,1482,4.024600562802873,4,4-6 phonemes
167,foca,2,O,46,2.4417389027582503,4,4-6 phonemes
167,foca,3,k,2,7.135020965000627,4,4-6 phonemes
167,foca,4,a,1,0.6184843425752683,4,4-6 phonemes
168,deve,1,d,1840,2.428576413225766,4,4-6 phonemes
168,deve,2,e,480,2.778497487440325,4,4-6 phonemes
168,deve,3,v,25,7.737187037485985,4,4-6 phonemes
168,deve,4,e,1,2.2491212112098204,4,4-6 phonemes
169,avere,1,a,2699,3.252116601610214,5,4-6 phonemes
169,avere,2,v,88,2.129485399814804,5,4-6 phonemes
169,avere,3,e,28,0.2389060435353124,5,4-6 phonemes
169,avere,4,r,14,0.0130463775864503,5,4-6 phonemes
169,avere,5,e,1,0.8698443164604996,5,4-6 phonemes
170,una,1,u,288,2.760646811894668,3,1-3 phonemes
170,una,2,n,52,0.0169201237001663,3,1-3 phonemes
170,una,3,a,1,1.868925491018253,3,1-3 phonemes
171,riserva,1,r,2094,4.563938587764705,7,7+ phonemes
171,riserva,2,i,1079,2.4258114753084024,7,7+ phonemes
171,riserva,3,s,148,1.3425999054164606,7,7+ phonemes
171,riserva,4,E,5,2.611655052495611,7,7+ phonemes
171,riserva,5,r,3,0.0025234913521208,7,7+ phonemes
171,riserva,6,v,2,0.004301729689828,7,7+ phonemes
171,riserva,7,a,1,0.0102707522269117,7,7+ phonemes
172,sotto,1,s,4608,3.897575791648737,4,4-6 phonemes
172,sotto,2,o,619,2.296926479240178,4,4-6 phonemes
172,sotto,3,tt,84,2.91449667030942,4,4-6 phonemes
172,sotto,4,o,1,0.2797898795868723,4,4-6 phonemes
173,il,1,i,1286,2.3938211179551447,2,1-3 phonemes
173,il,2,l,1,0.6465459701682762,2,1-3 phonemes
174,ghiaccio,1,g,707,5.495597356782051,5,4-6 phonemes
174,ghiaccio,2,j,25,1.852534141639059,5,4-6 phonemes
174,ghiaccio,3,a,17,0.0122182781502947,5,4-6 phonemes
174,ghiaccio,4,ttS,11,0.0674287115958539,5,4-6 phonemes
174,ghiaccio,5,o,1,0.1745481140171619,5,4-6 phonemes
175,io,1,i,2716,3.693229160540103,2,1-3 phonemes
175,io,2,o,1,7.132619173630594,2,1-3 phonemes
176,l',1,l,1,6.2969975441926,1,1-3 phonemes
177,avevo,1,a,1212,8.102106413664258,5,4-6 phonemes
177,avevo,2,v,55,3.800789104478572,5,4-6 phonemes
177,avevo,3,e,16,0.5597219719067552,5,4-6 phonemes
177,avevo,4,v,6,0.1530740843872608,5,4-6 phonemes
177,avevo,5,o,1,1.101182369015253,5,4-6 phonemes
178,detto,1,d,1626,3.7404751152544287,4,4-6 phonemes
178,detto,2,e,441,1.6135555201941991,4,4-6 phonemes
178,detto,3,tt,16,1.1841596303474993,4,4-6 phonemes
178,detto,4,o,1,0.0159282207424059,4,4-6 phonemes
179,subito,1,s,4367,4.063373606560275,6,4-6 phonemes
179,subito,2,u,211,3.5196350052288703,6,4-6 phonemes
179,subito,3,b,13,1.3761248790678131,6,4-6 phonemes
179,subito,4,i,4,0.005650876843372,6,4-6 phonemes
179,subito,5,t,2,0.0010225297812622,6,4-6 phonemes
179,subito,6,o,1,0.000317360543175,6,4-6 phonemes
180,esclamò,1,e,821,5.21938249011414,7,7+ phonemes
180,esclamò,2,s,247,6.237576559492601,7,7+ phonemes
180,esclamò,3,k,35,2.4925741651207125,7,7+ phonemes
180,esclamò,4,l,27,0.5035504179331834,7,7+ phonemes
180,esclamò,5,a,10,0.7109320508151104,7,7+ phonemes
180,esclamò,6,m,10,-0.0,7,7+ phonemes
180,esclamò,7,O,1,8.234694510942127,7,7+ phonemes
181,l',1,l,1,6.810182767477565,1,1-3 phonemes
182,orso,1,o,426,6.344543321532049,4,4-6 phonemes
182,orso,2,r,102,0.1789601915879023,4,4-6 phonemes
182,orso,3,s,13,1.1103475821749635,4,4-6 phonemes
182,orso,4,o,1,0.4767296436089325,4,4-6 phonemes
183,bianco,1,b,1281,2.440135957940065,6,4-6 phonemes
183,bianco,2,j,43,0.3615936635538207,6,4-6 phonemes
183,bianco,3,a,27,0.0005405549616014,6,4-6 phonemes
183,bianco,4,N,24,6.424411040703463e-06,6,4-6 phonemes
183,bianco,5,k,24,-0.0,6,4-6 phonemes
183,bianco,6,o,1,0.0647980165251127,6,4-6 phonemes
184,che,1,k,3382,4.5224463532474966,2,1-3 phonemes
184,che,2,e,1,1.7498957581174106,2,1-3 phonemes
185,c',1,tS,1,7.381836588611058,1,1-3 phonemes
186,era,1,E,82,6.768278115653634,3,1-3 phonemes
186,era,2,r,12,0.2832111413159041,3,1-3 phonemes
186,era,3,a,1,0.1338083099579168,3,1-3 phonemes
187,sotto,1,s,3873,2.966436495783995,4,4-6 phonemes
187,sotto,2,o,466,2.811963913939111,4,4-6 phonemes
187,sotto,3,tt,50,3.7918056169167023,4,4-6 phonemes
187,sotto,4,o,1,0.1341723343398592,4,4-6 phonemes
188,qualcosa,1,k,2239,5.0088515471912896,8,7+ phonemes
188,qualcosa,2,w,117,0.9316351177886654,8,7+ phonemes
188,qualcosa,3,a,70,1.6137816969209802,8,7+ phonemes
188,qualcosa,4,l,15,1.1959489215309649,8,7+ phonemes
188,qualcosa,5,k,6,0.096870604580801,8,7+ phonemes
188,qualcosa,6,O,2,3.356681608418321,8,7+ phonemes
188,qualcosa,7,z,1,0.3634568363126816,8,7+ phonemes
188,qualcosa,8,a,1,-0.0,8,7+ phonemes
189,non,1,n,515,4.425887905966283,3,1-3 phonemes
189,non,2,O,49,0.7879481346852587,3,1-3 phonemes
189,non,3,n,1,0.0497466475917855,3,1-3 phonemes
190,aveva,1,a,2938,3.959557543895683,5,4-6 phonemes
190,aveva,2,v,86,1.2002924472436391,5,4-6 phonemes
190,aveva,3,e,27,0.2647049011647348,5,4-6 phonemes
190,aveva,4,v,7,0.046849861201662,5,4-6 phonemes
190,aveva,5,a,1,1.2517795581369895,5,4-6 phonemes
191,detto,1,d,1248,4.377840815396693,4,4-6 phonemes
191,detto,2,e,337,1.613043407486968,4,4-6 phonemes
191,detto,3,tt,14,0.7501751254127236,4,4-6 phonemes
191,detto,4,o,1,0.0159381283671588,4,4-6 phonemes
192,proprio,1,p,2726,3.832821545421933,7,7+ phonemes
192,proprio,2,r,947,2.3090541687912625,7,7+ phonemes
192,proprio,3,O,36,3.146976100489253,7,7+ phonemes
192,proprio,4,p,4,0.425391694222517,7,7+ phonemes
192,proprio,5,r,4,-0.0,7,7+ phonemes
192,proprio,6,j,3,0.0013888311479497,7,7+ phonemes
192,proprio,7,o,1,0.0056526034171696,7,7+ phonemes
193,cosi,1,k,2859,2.4988175592524784,4,4-6 phonemes
193,cosi,2,O,130,4.337228575285924,4,4-6 phonemes
193,cosi,3,s,11,2.275049649496619,4,4-6 phonemes
193,cosi,4,i,1,1.4893314499967758,4,4-6 phonemes
194,ma,1,m,1497,4.161100365603258,2,1-3 phonemes
194,ma,2,a,1,2.291578625872769,2,1-3 phonemes
195,nessuno,1,n,432,3.990628121565987,6,4-6 phonemes
195,nessuno,2,e,82,1.894077927913444,6,4-6 phonemes
195,nessuno,3,ss,3,1.9147810374223304,6,4-6 phonemes
195,nessuno,4,u,3,-0.0,6,4-6 phonemes
195,nessuno,5,n,3,-0.0,6,4-6 phonemes
195,nessuno,6,o,1,0.3213080456021299,6,4-6 phonemes
196,se,1,s,3485,2.5334932098522285,2,1-3 phonemes
196,se,2,e,1,3.648680461457119,2,1-3 phonemes
197,ne,1,n,403,1.3598639137528452,2,1-3 phonemes
197,ne,2,e,1,0.3491098016751942,2,1-3 phonemes
198,ricordava,1,r,2474,2.85230284814774,9,7+ phonemes
198,ricordava,2,i,1647,1.469159536342051,9,7+ phonemes
198,ricordava,3,k,220,3.4071078596862256,9,7+ phonemes
198,ricordava,4,o,114,1.1496948373728464,9,7+ phonemes
198,ricordava,5,r,35,0.9764833466816832,9,7+ phonemes
198,ricordava,6,d,32,0.0718019340641854,9,7+ phonemes
198,ricordava,7,a,25,0.0925381405141168,9,7+ phonemes
198,ricordava,8,v,3,0.0937951748617366,9,7+ phonemes
198,ricordava,9,a,1,0.0874211036146635,9,7+ phonemes
199,un,1,u,242,6.567432174382569,2,1-3 phonemes
199,un,2,n,1,0.8207443826698962,2,1-3 phonemes
200,gabbiano,1,g,623,5.993152476328435,7,7+ phonemes
200,gabbiano,2,a,140,3.1005032988806343,7,7+ phonemes
200,gabbiano,3,bb,5,3.4101341036804564,7,7+ phonemes
200,gabbiano,4,j,3,0.0033911681318599,7,7+ phonemes
200,gabbiano,5,a,2,0.010277507578983,7,7+ phonemes
200,gabbiano,6,n,1,0.003274676239688,7,7+ phonemes
200,gabbiano,7,o,1,-0.0,7,7+ phonemes
201,spedito,1,s,4758,3.3114552180782373,7,7+ phonemes
201,spedito,2,p,699,4.8637002768985,7,7+ phonemes
201,spedito,3,e,132,2.096249819867994,7,7+ phonemes
201,spedito,4,d,9,7.323678226339549,7,7+ phonemes
201,spedito,5,i,8,0.1601350092394353,7,7+ phonemes
201,spedito,6,t,3,0.7562838223856241,7,7+ phonemes
201,spedito,7,o,1,0.3562437088166342,7,7+ phonemes
202,al,1,a,2944,2.940777513771374,2,1-3 phonemes
202,al,2,l,1,3.742958105347027,2,1-3 phonemes
203,sud,1,s,3117,2.896255057572925,3,1-3 phonemes
203,sud,2,u,221,1.268706875529293,3,1-3 phonemes
203,sud,3,d,1,2.885082973741896,3,1-3 phonemes
204,per,1,p,3113,4.210938976167878,3,1-3 phonemes
204,per,2,e,414,1.1148538413520803,3,1-3 phonemes
204,per,3,r,1,0.2928281034421375,3,1-3 phonemes
205,raccogliere,1,r,2872,4.2574366101655725,8,7+ phonemes
205,raccogliere,2,a,441,2.2723289310696124,8,7+ phonemes
205,raccogliere,3,kk,88,1.3442708931965062,8,7+ phonemes
205,raccogliere,4,O,22,0.6928426959084485,8,7+ phonemes
205,raccogliere,5,LL,10,0.0303296832857301,8,7+ phonemes
205,raccogliere,6,e,10,-0.0,8,7+ phonemes
205,raccogliere,7,r,9,0.0015241355975185,8,7+ phonemes
205,raccogliere,8,e,1,0.0574372961103917,8,7+ phonemes
206,informazioni,1,i,1585,2.1087268976214384,12,7+ phonemes
206,informazioni,2,n,771,4.254938240233386,12,7+ phonemes
206,informazioni,3,f,109,3.38233840680549,12,7+ phonemes
206,informazioni,4,o,17,0.225956714068095,12,7+ phonemes
206,informazioni,5,r,14,0.0005236316135685,12,7+ phonemes
206,informazioni,6,m,14,-0.0,12,7+ phonemes
206,informazioni,7,a,12,0.0014377658009833,12,7+ phonemes
206,informazioni,8,tts,2,0.0119516933464793,12,7+ phonemes
206,informazioni,9,j,2,-0.0,12,7+ phonemes
206,informazioni,10,o,2,-0.0,12,7+ phonemes
206,informazioni,11,n,2,-0.0,12,7+ phonemes
206,informazioni,12,i,1,0.0622721892020512,12,7+ phonemes
207,tornò,1,t,1704,5.656139350918362,5,4-6 phonemes
207,tornò,2,o,172,3.618095976890086,5,4-6 phonemes
207,tornò,3,r,82,0.3279009531080761,5,4-6 phonemes
207,tornò,4,n,38,0.0523076365729509,5,4-6 phonemes
207,tornò,5,O,1,8.570852028740633,5,4-6 phonemes
208,con,1,k,4095,3.445834561321832,3,1-3 phonemes
208,con,2,o,2012,2.291171092959872,3,1-3 phonemes
208,con,3,n,1,1.4764695501631129,3,1-3 phonemes
209,la,1,l,850,1.9157288623326831,2,1-3 phonemes
209,la,2,a,1,1.1246382257907377,2,1-3 phonemes
210,notizia,1,n,621,4.521780735574995,7,7+ phonemes
210,notizia,2,o,99,3.8372045450221135,7,7+ phonemes
210,notizia,3,t,26,1.095293528276115,7,7+ phonemes
210,notizia,4,i,5,0.1381912242450051,7,7+ phonemes
210,notizia,5,tts,3,0.0066182265336804,7,7+ phonemes
210,notizia,6,j,3,-0.0,7,7+ phonemes
210,notizia,7,a,1,0.0151216612721986,7,7+ phonemes
211,che,1,k,3346,3.206435786084414,2,1-3 phonemes
211,che,2,e,1,0.6933492463185653,2,1-3 phonemes
212,il,1,i,1629,3.2387824951641067,2,1-3 phonemes
212,il,2,l,1,0.7708953235565864,2,1-3 phonemes
213,piccolo,1,p,2796,3.1600342871590485,6,4-6 phonemes
213,piccolo,2,i,182,2.5268001783693266,6,4-6 phonemes
213,piccolo,3,kk,23,0.208583787572779,6,4-6 phonemes
213,piccolo,4,o,9,0.0051994198331432,6,4-6 phonemes
213,piccolo,5,l,7,0.1196587625964638,6,4-6 phonemes
213,piccolo,6,o,1,0.0153735206883004,6,4-6 phonemes
214,essere,1,E,147,3.245121244964234,5,4-6 phonemes
214,essere,2,ss,13,4.685525081404066,5,4-6 phonemes
214,essere,3,e,13,-0.0,5,4-6 phonemes
214,essere,4,r,12,4.283127087954915e-05,5,4-6 phonemes
214,essere,5,e,1,0.1675638648508221,5,4-6 phonemes
215,profumato,1,p,2757,1.8403625848132004,9,7+ phonemes
215,profumato,2,r,851,0.1415824194412565,9,7+ phonemes
215,profumato,3,o,383,0.0349864017228059,9,7+ phonemes
215,profumato,4,f,51,0.021656730284388,9,7+ phonemes
215,profumato,5,u,14,0.0012969528819438,9,7+ phonemes
215,profumato,6,m,12,3.249816218940334e-05,9,7+ phonemes
215,profumato,7,a,8,0.0007635687753916,9,7+ phonemes
215,profumato,8,t,4,0.0001760649589503,9,7+ phonemes
215,profumato,9,o,1,0.0299789986929179,9,7+ phonemes
216,si,1,s,3198,3.713184832057745,2,1-3 phonemes
216,si,2,i,1,1.513766927413011,2,1-3 phonemes
217,chiamava,1,k,1869,4.972517378753892,7,7+ phonemes
217,chiamava,2,j,126,1.127801818982878,7,7+ phonemes
217,chiamava,3,a,77,0.0986068234935584,7,7+ phonemes
217,chiamava,4,m,42,0.0114325687978067,7,7+ phonemes
217,chiamava,5,a,29,0.0137233288083939,7,7+ phonemes
217,chiamava,6,v,5,0.6138071130697534,7,7+ phonemes
217,chiamava,7,a,1,0.0656321598475463,7,7+ phonemes
218,viola,1,v,939,7.518090583117202,5,4-6 phonemes
218,viola,2,j,36,3.057192030750419,5,4-6 phonemes
218,viola,3,O,1,0.5267065679732312,5,4-6 phonemes
218,viola,4,l,1,-0.0,5,4-6 phonemes
218,viola,5,a,1,-0.0,5,4-6 phonemes
219,è,1,E,1,5.263582688243328,1,1-3 phonemes
220,che,1,k,3496,3.0209819281459622,2,1-3 phonemes
220,che,2,e,1,1.6959545922605317,2,1-3 phonemes
221,in,1,i,1614,3.722835881944427,2,1-3 phonemes
221,in,2,n,1,2.8312826045941057,2,1-3 phonemes
222,certi,1,tS,342,5.769830279241195,5,4-6 phonemes
222,certi,2,E,48,1.6678816111949442,5,4-6 phonemes
222,certi,3,r,7,1.575831225425287,5,4-6 phonemes
222,certi,4,t,4,0.0015868002037158,5,4-6 phonemes
222,certi,5,i,1,1.3204275253034468,5,4-6 phonemes
223,paesi,1,p,2130,3.176804268497904,5,4-6 phonemes
223,paesi,2,a,523,1.5608273658299716,5,4-6 phonemes
223,paesi,3,e,13,0.9295221771272696,5,4-6 phonemes
223,paesi,4,z,13,-0.0,5,4-6 phonemes
223,paesi,5,i,1,0.1318039896180708,5,4-6 phonemes
224,laggiù,1,l,757,3.551506093404057,4,4-6 phonemes
224,laggiù,2,a,269,1.4197988138061104,4,4-6 phonemes
224,laggiù,3,ddZ,1,7.925599784486679,4,4-6 phonemes
224,laggiù,4,u,1,-0.0,4,4-6 phonemes
225,ce,1,tS,473,5.060929671860976,2,1-3 phonemes
225,ce,2,e,1,5.6465725847368,2,1-3 phonemes
226,n,1,n,1,3.3503211008144094,1,1-3 phonemes
227,erano,1,E,69,6.374397919923952,5,4-6 phonemes
227,erano,2,r,9,0.2157533566685179,5,4-6 phonemes
227,erano,3,a,4,0.0230869756758282,5,4-6 phonemes
227,erano,4,n,2,3.067975487976895,5,4-6 phonemes
227,erano,5,o,1,0.0006225107205844,5,4-6 phonemes
228,milioni,1,m,1983,4.033476689606727,7,7+ phonemes
228,milioni,2,i,272,3.4606985946225794,7,7+ phonemes
228,milioni,3,l,21,3.027682971368648,7,7+ phonemes
228,milioni,4,j,7,0.1639434927510082,7,7+ phonemes
228,milioni,5,o,3,0.2377602382001288,7,7+ phonemes
228,milioni,6,n,3,-0.0,7,7+ phonemes
228,milioni,7,i,1,0.003725842684112,7,7+ phonemes
229,ne,1,n,449,5.395015408066659,2,1-3 phonemes
229,ne,2,e,1,4.371353755451207,2,1-3 phonemes
230,sappiamo,1,s,4364,2.2301094200334868,7,7+ phonemes
230,sappiamo,2,a,385,2.2719745181332014,7,7+ phonemes
230,sappiamo,3,pp,5,7.005702562000675,7,7+ phonemes
230,sappiamo,4,j,4,0.315688994164244,7,7+ phonemes
230,sappiamo,5,a,4,-0.0,7,7+ phonemes
230,sappiamo,6,m,1,0.0787585930023405,7,7+ phonemes
230,sappiamo,7,o,1,-0.0,7,7+ phonemes
231,quanto,1,k,2942,2.1989009930579755,6,4-6 phonemes
231,quanto,2,w,140,2.2991300134428423,6,4-6 phonemes
231,quanto,3,a,86,0.2279379999536215,6,4-6 phonemes
231,quanto,4,n,16,1.049709650543629,6,4-6 phonemes
231,quanto,5,t,14,0.5422513316112,6,4-6 phonemes
231,quanto,6,o,1,2.670736379429391,6,4-6 phonemes
232,prima,1,p,3110,3.687303308426598,5,4-6 phonemes
232,prima,2,r,1145,2.403877249506578,5,4-6 phonemes
232,prima,3,i,67,1.3431361501951418,5,4-6 phonemes
232,prima,4,m,21,0.0292247767139795,5,4-6 phonemes
232,prima,5,a,1,0.1895048648733756,5,4-6 phonemes
233,osservò,1,o,659,6.25616265076064,6,4-6 phonemes
233,osservò,2,ss,41,5.516978503660537,6,4-6 phonemes
233,osservò,3,e,29,0.9809401169392448,6,4-6 phonemes
233,osservò,4,r,25,0.0340702236462621,6,4-6 phonemes
233,osservò,5,v,25,-0.0,6,4-6 phonemes
233,osservò,6,O,1,6.364188725544653,6,4-6 phonemes
234,la,1,l,921,3.258080963319081,2,1-3 phonemes
234,la,2,a,1,1.1009995606169074,2,1-3 phonemes
235,foca,1,f,1639,3.938329160971608,4,4-6 phonemes
235,foca,2,O,51,2.5029284551567166,4,4-6 phonemes
235,foca,3,k,3,2.367430118756358,4,4-6 phonemes
235,foca,4,a,1,0.0052772805463288,4,4-6 phonemes
236,com,1,k,3973,3.1738124276069386,3,1-3 phonemes
236,com,2,o,1891,2.275762214977845,3,1-3 phonemes
236,com,3,m,1,6.835875314985295,3,1-3 phonemes
237,è,1,E,1,7.461438414597608,1,1-3 phonemes
238,che,1,k,3728,3.7170001661191656,2,1-3 phonemes
238,che,2,e,1,3.096352585579103,2,1-3 phonemes
239,proprio,1,p,2951,4.307108610845275,7,7+ phonemes
239,proprio,2,r,966,2.4382848359643003,7,7+ phonemes
239,proprio,3,O,39,3.357856678749125,7,7+ phonemes
239,proprio,4,p,4,0.945220631500943,7,7+ phonemes
239,proprio,5,r,4,-0.0,7,7+ phonemes
239,proprio,6,j,3,0.0024455486565738,7,7+ phonemes
239,proprio,7,o,1,0.005988656096854,7,7+ phonemes
240,questa,1,k,2946,3.483400927323497,6,4-6 phonemes
240,questa,2,w,143,0.9008788398267594,6,4-6 phonemes
240,questa,3,e,17,1.129460447618104,6,4-6 phonemes
240,questa,4,s,8,1.442989744742457,6,4-6 phonemes
240,questa,5,t,8,-0.0,6,4-6 phonemes
240,questa,6,a,1,2.0995627385695115,6,4-6 phonemes
241,viola,1,v,971,4.130927008832614,5,4-6 phonemes
241,viola,2,j,37,4.200149914849685,5,4-6 phonemes
241,viola,3,O,2,0.6912532746208766,5,4-6 phonemes
241,viola,4,l,2,-0.0,5,4-6 phonemes
241,viola,5,a,1,0.000149334756318,5,4-6 phonemes
242,è,1,E,1,3.1164467094203,1,1-3 phonemes
243,arrivata,1,a,2822,4.561233277148291,7,7+ phonemes
243,arrivata,2,rr,88,3.630224207677164,7,7+ phonemes
243,arrivata,3,i,25,0.0862834412866304,7,7+ phonemes
243,arrivata,4,v,20,0.0026235977367094,7,7+ phonemes
243,arrivata,5,a,15,0.0019525141113882,7,7+ phonemes
243,arrivata,6,t,4,0.0103831088574078,7,7+ phonemes
243,arrivata,7,a,1,0.5212648686134206,7,7+ phonemes
244,proprio,1,p,2464,3.945109038408321,7,7+ phonemes
244,proprio,2,r,777,1.8064968532591168,7,7+ phonemes
244,proprio,3,O,32,4.265006933586787,7,7+ phonemes
244,proprio,4,p,4,0.4282700265951369,7,7+ phonemes
244,proprio,5,r,4,-0.0,7,7+ phonemes
244,proprio,6,j,3,0.0027812084796665,7,7+ phonemes
244,proprio,7,o,1,0.0062394586124841,7,7+ phonemes
245,qui,1,k,1830,3.214605746974817,3,1-3 phonemes
245,qui,2,w,124,0.968463193706782,3,1-3 phonemes
245,qui,3,i,1,2.985322043735438,3,1-3 phonemes
246,vi,1,v,1047,5.53455788807344,2,1-3 phonemes
246,vi,2,i,1,5.16167331351739,2,1-3 phonemes
247,dirò,1,d,1725,4.657715592486308,4,4-6 phonemes
247,dirò,2,i,834,1.0883669320616467,4,4-6 phonemes
247,dirò,3,r,74,3.8884656456774223,4,4-6 phonemes
247,dirò,4,O,1,19.93156856932417,4,4-6 phonemes
248,tutto,1,t,1594,5.564333675430251,4,4-6 phonemes
248,tutto,2,u,64,1.5445650747521005,4,4-6 phonemes
248,tutto,3,tt,8,0.1190475477496376,4,4-6 phonemes
248,tutto,4,o,1,1.7212713775823625,4,4-6 phonemes
249,il,1,i,1921,2.273317731219758,2,1-3 phonemes
249,il,2,l,1,0.1865900240459938,2,1-3 phonemes
250,mio,1,m,1530,2.5102748296713333,3,1-3 phonemes
250,mio,2,i,191,2.8709731906156564,3,1-3 phonemes
250,mio,3,o,1,0.135933405612601,3,1-3 phonemes
251,pensiero,1,p,2835,2.419308108859069,8,7+ phonemes
251,pensiero,2,e,397,3.991215825119876,8,7+ phonemes
251,pensiero,3,n,58,1.3947897417557744,8,7+ phonemes
251,pensiero,4,s,34,0.1142985930722385,8,7+ phonemes
251,pensiero,5,j,11,0.0500966144733859,8,7+ phonemes
251,pensiero,6,E,3,0.0037239322867069,8,7+ phonemes
251,pensiero,7,r,3,-0.0,8,7+ phonemes
251,pensiero,8,o,1,0.0459228218743362,8,7+ phonemes
252,mi,1,m,1766,4.43498314768113,2,1-3 phonemes
252,mi,2,i,1,1.4372365109372287,2,1-3 phonemes
253,sento,1,s,4594,2.1178063609638174,5,4-6 phonemes
253,sento,2,E,75,3.592531176233205,5,4-6 phonemes
253,sento,3,n,13,0.1522851047879881,5,4-6 phonemes
253,sento,4,t,6,0.0245334386162199,5,4-6 phonemes
253,sento,5,o,1,0.3231952282254792,5,4-6 phonemes
254,alquanto,1,a,3416,3.894532489035433,8,7+ phonemes
254,alquanto,2,l,150,3.9326549525646577,8,7+ phonemes
254,alquanto,3,k,10,3.714526846623788,8,7+ phonemes
254,alquanto,4,w,1,0.8339041094017612,8,7+ phonemes
254,alquanto,5,a,1,-0.0,8,7+ phonemes
254,alquanto,6,n,1,-0.0,8,7+ phonemes
254,alquanto,7,t,1,-0.0,8,7+ phonemes
254,alquanto,8,o,1,-0.0,8,7+ phonemes
255,perplessa,1,p,3018,3.369100394859192,8,7+ phonemes
255,perplessa,2,e,444,1.915665337509605,8,7+ phonemes
255,perplessa,3,r,224,0.1850592294636861,8,7+ phonemes
255,perplessa,4,p,5,0.7531927334416496,8,7+ phonemes
255,perplessa,5,l,4,8.096008108603491e-05,8,7+ phonemes
255,perplessa,6,E,3,0.0005665090731607,8,7+ phonemes
255,perplessa,7,ss,3,-0.0,8,7+ phonemes
255,perplessa,8,a,1,2.8044498961345865,8,7+ phonemes
256,come,1,k,2964,3.1404886912849115,4,4-6 phonemes
256,come,2,o,1495,1.796055264761127,4,4-6 phonemes
256,come,3,m,299,0.5441984912297784,4,4-6 phonemes
256,come,4,e,1,0.2393179687487838,4,4-6 phonemes
257,a,1,a,1,6.182173671309347,1,1-3 phonemes
258,detto,1,d,1429,2.8477404062064937,4,4-6 phonemes
258,detto,2,e,375,0.431063643364277,4,4-6 phonemes
258,detto,3,tt,18,0.1828115026417348,4,4-6 phonemes
258,detto,4,o,1,0.0070516261748265,4,4-6 phonemes
259,che,1,k,2776,2.0809198691359674,2,1-3 phonemes
259,che,2,e,1,0.5945468131376085,2,1-3 phonemes
260,si,1,s,3630,3.0822046269279686,2,1-3 phonemes
260,si,2,i,1,2.4772432552476658,2,1-3 phonemes
261,sente,1,s,4378,2.8149837686985126,5,4-6 phonemes
261,sente,2,E,61,3.784673321785108,5,4-6 phonemes
261,sente,3,n,13,0.2862042832293193,5,4-6 phonemes
261,sente,4,t,6,0.0287052241010128,5,4-6 phonemes
261,sente,5,e,1,0.851190301971171,5,4-6 phonemes
262,domandò,1,d,1854,3.9496793427959433,7,7+ phonemes
262,domandò,2,o,186,4.083539949978215,7,7+ phonemes
262,domandò,3,m,36,4.471114806240105,7,7+ phonemes
262,domandò,4,a,17,0.2719170897176476,7,7+ phonemes
262,domandò,5,n,13,0.1253863054089135,7,7+ phonemes
262,domandò,6,d,12,0.5087124092053539,7,7+ phonemes
262,domandò,7,O,1,14.677119173960827,7,7+ phonemes
263,l',1,l,1,5.718299313679766,1,1-3 phonemes
264,orso,1,o,249,4.555553433610942,4,4-6 phonemes
264,orso,2,r,68,0.020599773840451,4,4-6 phonemes
264,orso,3,s,13,1.0088800485137182,4,4-6 phonemes
264,orso,4,o,1,0.1595945377699403,4,4-6 phonemes
265,bianco,1,b,958,0.7677903872324401,6,4-6 phonemes
265,bianco,2,j,36,0.0661582075748403,6,4-6 phonemes
265,bianco,3,a,23,8.128599919718143e-05,6,4-6 phonemes
265,bianco,4,N,23,-0.0,6,4-6 phonemes
265,bianco,5,k,23,-0.0,6,4-6 phonemes
265,bianco,6,o,1,0.0127081265902676,6,4-6 phonemes
266,a,1,a,1,6.711913256635763,1,1-3 phonemes
267,sua,1,s,4605,3.2014100844228137,3,1-3 phonemes
267,sua,2,u,208,2.5909419871445447,3,1-3 phonemes
267,sua,3,a,1,2.4355180835025108,3,1-3 phonemes
268,moglie,1,m,1019,2.781696437889976,4,4-6 phonemes
268,moglie,2,o,148,2.610865471009704,4,4-6 phonemes
268,moglie,3,LL,2,0.0181906486640525,4,4-6 phonemes
268,moglie,4,e,1,0.0021716095216166,4,4-6 phonemes
269,perplessa,1,p,2905,4.617207528718145,8,7+ phonemes
269,perplessa,2,e,402,1.2151300714718964,8,7+ phonemes
269,perplessa,3,r,204,0.1063208973430967,8,7+ phonemes
269,perplessa,4,p,4,7.028506962160416,8,7+ phonemes
269,perplessa,5,l,4,-0.0,8,7+ phonemes
269,perplessa,6,E,3,0.0179181363426767,8,7+ phonemes
269,perplessa,7,ss,3,-0.0,8,7+ phonemes
269,perplessa,8,a,1,0.5232758297873824,8,7+ phonemes
270,cioè,1,tS,270,6.278080338896059,3,1-3 phonemes
270,cioè,2,O,4,5.72300573436685,3,1-3 phonemes
270,cioè,3,E,1,0.0702138391752152,3,1-3 phonemes
271,non,1,n,488,5.004716991125582,3,1-3 phonemes
271,non,2,O,44,0.633253630156586,3,1-3 phonemes
271,non,3,n,1,0.1215384872667403,3,1-3 phonemes
272,sa,1,s,2768,2.2629899522845545,2,1-3 phonemes
272,sa,2,a,1,4.775783899552614,2,1-3 phonemes
273,che,1,k,2441,1.5943225768732583,2,1-3 phonemes
273,che,2,e,1,1.2502099305044927,2,1-3 phonemes
274,pesci,1,p,2609,4.428248419146818,4,4-6 phonemes
274,pesci,2,e,343,2.158862315694165,4,4-6 phonemes
274,pesci,3,SS,3,4.441359722085187,4,4-6 phonemes
274,pesci,4,i,1,0.5356319801994275,4,4-6 phonemes
275,pigliare,1,p,3099,4.414797987555232,6,4-6 phonemes
275,pigliare,2,i,172,3.734035491245542,6,4-6 phonemes
275,pigliare,3,LL,4,10.607381646357975,6,4-6 phonemes
275,pigliare,4,a,2,1.6080696405055486,6,4-6 phonemes
275,pigliare,5,r,1,1.0,6,4-6 phonemes
275,pigliare,6,e,1,-0.0,6,4-6 phonemes
276,ecco,1,E,147,5.065554236508439,3,1-3 phonemes
276,ecco,2,kk,10,8.251659790539247,3,1-3 phonemes
276,ecco,3,o,1,0.4222020264183015,3,1-3 phonemes
277,esclamò,1,e,646,6.98905676138103,7,7+ phonemes
277,esclamò,2,s,178,5.077090738192549,7,7+ phonemes
277,esclamò,3,k,25,1.673256129685452,7,7+ phonemes
277,esclamò,4,l,22,0.045125530990801,7,7+ phonemes
277,esclamò,5,a,10,0.5848100426331687,7,7+ phonemes
277,esclamò,6,m,10,-0.0,7,7+ phonemes
277,esclamò,7,O,1,9.15335259661127,7,7+ phonemes
278,l',1,l,1,5.92787049271515,1,1-3 phonemes
279,orso,1,o,306,3.5060744430452777,4,4-6 phonemes
279,orso,2,r,86,0.0150037773161008,4,4-6 phonemes
279,orso,3,s,13,1.0027370210555342,4,4-6 phonemes
279,orso,4,o,1,0.1179222088651194,4,4-6 phonemes
280,bianco,1,b,1042,0.720959964661515,6,4-6 phonemes
280,bianco,2,j,44,0.0801975056980377,6,4-6 phonemes
280,bianco,3,a,24,0.0001920351071207,6,4-6 phonemes
280,bianco,4,N,22,6.059143706285513e-07,6,4-6 phonemes
280,bianco,5,k,22,-0.0,6,4-6 phonemes
280,bianco,6,o,1,0.0122791719327998,6,4-6 phonemes
281,proprio,1,p,2786,4.679299114170785,7,7+ phonemes
281,proprio,2,r,921,2.6874034643732365,7,7+ phonemes
281,proprio,3,O,35,2.719255688120644,7,7+ phonemes
281,proprio,4,p,4,1.6076403464452638,7,7+ phonemes
281,proprio,5,r,4,-0.0,7,7+ phonemes
281,proprio,6,j,3,0.0090530481716398,7,7+ phonemes
281,proprio,7,o,1,0.0079744909343135,7,7+ phonemes
282,quello,1,k,2821,2.333435112732483,5,4-6 phonemes
282,quello,2,w,135,1.1805865950622796,5,4-6 phonemes
282,quello,3,e,18,1.171695039789966,5,4-6 phonemes
282,quello,4,ll,4,2.522045659745457,5,4-6 phonemes
282,quello,5,o,1,0.7721445375868929,5,4-6 phonemes
283,che,1,k,2323,1.4849263856973116,2,1-3 phonemes
283,che,2,e,1,0.1028834884060692,2,1-3 phonemes
284,penso,1,p,2337,4.497174484017343,5,4-6 phonemes
284,penso,2,E,82,3.6050232984858734,5,4-6 phonemes
284,penso,3,n,23,0.2048371296059024,5,4-6 phonemes
284,penso,4,s,9,0.0373102870695432,5,4-6 phonemes
284,penso,5,o,1,1.9348569671552012,5,4-6 phonemes
285,anch,1,a,2750,3.4628875380694835,3,1-3 phonemes
285,anch,2,N,41,3.7525751965482703,3,1-3 phonemes
285,anch,3,k,1,2.432560351327189,3,1-3 phonemes
286,io,1,i,589,6.944566291178387,2,1-3 phonemes
286,io,2,o,1,0.4041615733497699,2,1-3 phonemes
287,quella,1,k,3197,3.1906298433740745,5,4-6 phonemes
287,quella,2,w,147,2.674484794081592,5,4-6 phonemes
287,quella,3,e,22,0.7927099043398573,5,4-6 phonemes
287,quella,4,ll,4,1.165650152577365,5,4-6 phonemes
287,quella,5,a,1,2.376830086912361,5,4-6 phonemes
288,notte,1,n,519,5.368364223660016,4,4-6 phonemes
288,notte,2,O,51,0.5394701862716194,4,4-6 phonemes
288,notte,3,tt,2,1.1287635900143014,4,4-6 phonemes
288,notte,4,e,1,0.0021758518912318,4,4-6 phonemes
289,corse,1,k,3302,3.4989544236880668,5,4-6 phonemes
289,corse,2,o,1636,1.894168588731498,5,4-6 phonemes
289,corse,3,r,68,7.09501713001987,5,4-6 phonemes
289,corse,4,s,7,1.3956422424313568,5,4-6 phonemes
289,corse,5,e,1,0.8812996742271937,5,4-6 phonemes
290,per,1,p,2250,3.195143344259147,3,1-3 phonemes
290,per,2,e,313,0.4317046856464313,3,1-3 phonemes
290,per,3,r,1,0.0503336661102366,3,1-3 phonemes
291,tutto,1,t,1203,3.1304554006518326,4,4-6 phonemes
291,tutto,2,u,48,0.770581818148397,4,4-6 phonemes
291,tutto,3,tt,8,0.0062673207057157,4,4-6 phonemes
291,tutto,4,o,1,0.8180852721557571,4,4-6 phonemes
292,il,1,i,1108,0.6868268806279012,2,1-3 phonemes
292,il,2,l,1,0.0486094585752617,2,1-3 phonemes
293,polo,1,p,2256,2.047340044012051,4,4-6 phonemes
293,polo,2,O,84,0.6214191531767658,4,4-6 phonemes
293,polo,3,l,10,0.068771819897352,4,4-6 phonemes
293,polo,4,o,1,0.004153113353209,4,4-6 phonemes
294,un,1,u,302,7.291246576949657,2,1-3 phonemes
294,un,2,n,1,1.1507736232521677,2,1-3 phonemes
295,pauroso,1,p,2818,1.9671678453144197,7,7+ phonemes
295,pauroso,2,a,709,3.1972336022768557,7,7+ phonemes
295,pauroso,3,u,7,9.027591137101457,7,7+ phonemes
295,pauroso,4,r,7,-0.0,7,7+ phonemes
295,pauroso,5,o,5,1.8850081140285115,7,7+ phonemes
295,pauroso,6,z,4,0.0335686206000759,7,7+ phonemes
295,pauroso,7,o,1,1.439872208367957,7,7+ phonemes
296,scricchiolio,1,s,4710,3.4196604104386465,10,7+ phonemes
296,scricchiolio,2,k,906,3.876306321130176,10,7+ phonemes
296,scricchiolio,3,r,87,4.584905433074105,10,7+ phonemes
296,scricchiolio,4,i,49,0.6877017605297909,10,7+ phonemes
296,scricchiolio,5,kk,6,4.788337381104908,10,7+ phonemes
296,scricchiolio,6,j,6,-0.0,10,7+ phonemes
296,scricchiolio,7,o,6,-0.0,10,7+ phonemes
296,scricchiolio,8,l,6,-0.0,10,7+ phonemes
296,scricchiolio,9,i,1,7.20835308135906,10,7+ phonemes
296,scricchiolio,10,o,1,-0.0,10,7+ phonemes
297,i,1,i,1,7.929187197385827,1,1-3 phonemes
298,ghiacci,1,g,896,5.141262943548975,5,4-6 phonemes
298,ghiacci,2,j,24,3.0396324289513417,5,4-6 phonemes
298,ghiacci,3,a,17,0.1907408646866291,5,4-6 phonemes
298,ghiacci,4,ttS,11,0.0804070668573725,5,4-6 phonemes
298,ghiacci,5,i,1,0.9240655798580756,5,4-6 phonemes
299,eterni,1,e,843,3.828653231840953,6,4-6 phonemes
299,eterni,2,t,20,10.06015383266823,6,4-6 phonemes
299,eterni,3,E,6,2.2433996594239543,6,4-6 phonemes
299,eterni,4,r,6,-0.0,6,4-6 phonemes
299,eterni,5,n,4,0.2120137780697392,6,4-6 phonemes
299,eterni,6,i,1,0.5285488433938292,6,4-6 phonemes
300,tremavano,1,t,1310,6.574055696374213,9,7+ phonemes
300,tremavano,2,r,483,1.3537327851254484,9,7+ phonemes
300,tremavano,3,e,35,1.327399362452562,9,7+ phonemes
300,tremavano,4,m,14,1.3327456396050372,9,7+ phonemes
300,tremavano,5,a,9,0.0880507594059649,9,7+ phonemes
300,tremavano,6,v,3,0.2125029914423356,9,7+ phonemes
300,tremavano,7,a,2,0.0016198118623403,9,7+ phonemes
300,tremavano,8,n,1,4.570962659508939,9,7+ phonemes
300,tremavano,9,o,1,-0.0,9,7+ phonemes
301,come,1,k,3694,3.7938524844683386,4,4-6 phonemes
301,come,2,o,1711,1.3885747355473934,4,4-6 phonemes
301,come,3,m,345,1.4630903207832162,4,4-6 phonemes
301,come,4,e,1,0.2805457609687705,4,4-6 phonemes
302,vetri,1,v,1205,5.065087740199859,5,4-6 phonemes
302,vetri,2,e,391,2.6187491283484805,5,4-6 phonemes
302,vetri,3,t,11,6.342123195716008,5,4-6 phonemes
302,vetri,4,r,6,0.1567181549093408,5,4-6 phonemes
302,vetri,5,i,1,1.3150224153757235,5,4-6 phonemes
303,è,1,E,1,8.72379657537545,1,1-3 phonemes
304,in,1,i,2394,3.557561237670201,2,1-3 phonemes
304,in,2,n,1,3.639007384264198,2,1-3 phonemes
305,più,1,p,2589,3.690401409393048,3,1-3 phonemes
305,più,2,j,203,1.854294755624941,3,1-3 phonemes
305,più,3,u,1,2.4183041973886725,3,1-3 phonemes
306,punti,1,p,3717,4.129919188118662,5,4-6 phonemes
306,punti,2,u,199,5.56687016445124,5,4-6 phonemes
306,punti,3,n,63,1.9304646155836933,5,4-6 phonemes
306,punti,4,t,46,0.0991975423456101,5,4-6 phonemes
306,punti,5,i,1,2.0918619280153967,5,4-6 phonemes
307,si,1,s,4778,3.6963712116560568,2,1-3 phonemes
307,si,2,i,1,2.976093352455399,2,1-3 phonemes
308,spaccarono,1,s,4749,2.648970957000956,9,7+ phonemes
308,spaccarono,2,p,832,3.158977608527688,9,7+ phonemes
308,spaccarono,3,a,235,1.8487597849482045,9,7+ phonemes
308,spaccarono,4,kk,19,2.238628543156876,9,7+ phonemes
308,spaccarono,5,a,14,0.0135290410204193,9,7+ phonemes
308,spaccarono,6,r,5,2.567796854699505,9,7+ phonemes
308,spaccarono,7,o,1,0.0173016858449135,9,7+ phonemes
308,spaccarono,8,n,1,-0.0,9,7+ phonemes
308,spaccarono,9,o,1,-0.0,9,7+ phonemes
309,la,1,l,691,2.3883182430879204,2,1-3 phonemes
309,la,2,a,1,1.765065526971322,2,1-3 phonemes
310,violetta,1,v,999,3.965256272986221,7,7+ phonemes
310,violetta,2,j,33,1.898170928541285,7,7+ phonemes
310,violetta,3,o,23,2.492882622121225,7,7+ phonemes
310,violetta,4,l,23,-0.0,7,7+ phonemes
310,violetta,5,e,7,0.0428587208657541,7,7+ phonemes
310,violetta,6,tt,4,0.024328986018085,7,7+ phonemes
310,violetta,7,a,1,0.1648702745250568,7,7+ phonemes
311,mandò,1,m,1778,4.549827653391997,5,4-6 phonemes
311,mandò,2,a,734,0.8035321969950523,5,4-6 phonemes
311,mandò,3,n,157,5.221404882526676,5,4-6 phonemes
311,mandò,4,d,38,2.948343907723759,5,4-6 phonemes
311,mandò,5,O,1,7.486137892308045,5,4-6 phonemes
312,un,1,u,349,4.856111483959269,2,1-3 phonemes
312,un,2,n,1,0.8893088058309581,2,1-3 phonemes
313,profumo,1,p,2858,2.6594542012393405,7,7+ phonemes
313,profumo,2,r,681,3.6014849197304075,7,7+ phonemes
313,profumo,3,o,291,1.06099599644071,7,7+ phonemes
313,profumo,4,f,40,0.6738265958697418,7,7+ phonemes
313,profumo,5,u,11,0.2711523058023547,7,7+ phonemes
313,profumo,6,m,9,0.0002772628250185,7,7+ phonemes
313,profumo,7,o,1,0.0508473132178563,7,7+ phonemes
314,più,1,p,3176,3.946277480224083,3,1-3 phonemes
314,più,2,j,181,2.840093433666291,3,1-3 phonemes
314,più,3,u,1,0.607441170665564,3,1-3 phonemes
315,intenso,1,i,2541,3.968357749628052,7,7+ phonemes
315,intenso,2,n,1183,1.6213376190630542,7,7+ phonemes
315,intenso,3,t,314,4.672532946644881,7,7+ phonemes
315,intenso,4,E,29,3.1623594716091654,7,7+ phonemes
315,intenso,5,n,18,0.6375208964988991,7,7+ phonemes
315,intenso,6,s,4,1.3401552037258555,7,7+ phonemes
315,intenso,7,o,1,1.4254212381990172,7,7+ phonemes
316,come,1,k,3579,2.8176439456407105,4,4-6 phonemes
316,come,2,o,1653,1.5635542279333186,4,4-6 phonemes
316,come,3,m,298,0.5139031409624034,4,4-6 phonemes
316,come,4,e,1,0.1092471085471592,4,4-6 phonemes
317,se,1,s,4479,2.1673129539093114,2,1-3 phonemes
317,se,2,e,1,1.1520127456359988,2,1-3 phonemes
318,avesse,1,a,2894,4.828123623406902,5,4-6 phonemes
318,avesse,2,v,94,2.634820419063833,5,4-6 phonemes
318,avesse,3,e,29,0.2491628330213813,5,4-6 phonemes
318,avesse,4,ss,4,1.3015322493397394,5,4-6 phonemes
318,avesse,5,e,1,0.9894221938318556,5,4-6 phonemes
319,deciso,1,d,1356,3.8401656330935983,6,4-6 phonemes
319,deciso,2,e,352,1.2281689271893648,6,4-6 phonemes
319,deciso,3,tS,34,4.558788563076609,6,4-6 phonemes
319,deciso,4,i,27,0.0061349923835312,6,4-6 phonemes
319,deciso,5,z,4,0.0468115972002291,6,4-6 phonemes
319,deciso,6,o,1,0.0017665380224454,6,4-6 phonemes
320,di,1,d,1662,2.273873212207651,2,1-3 phonemes
320,di,2,i,1,0.2987450931275515,2,1-3 phonemes
321,sciogliere,1,S,202,6.123771908582244,6,4-6 phonemes
321,sciogliere,2,O,22,4.631761863797039,6,4-6 phonemes
321,sciogliere,3,LL,6,0.2337864820244073,6,4-6 phonemes
321,sciogliere,4,e,6,-0.0,6,4-6 phonemes
321,sciogliere,5,r,5,0.058551783277613,6,4-6 phonemes
321,sciogliere,6,e,1,1.0685120947846,6,4-6 phonemes
322,in,1,i,1562,1.836355682246665,2,1-3 phonemes
322,in,2,n,1,4.7346693868022856,2,1-3 phonemes
323,una,1,u,245,2.3396750362323893,3,1-3 phonemes
323,una,2,n,53,0.0069122028156727,3,1-3 phonemes
323,una,3,a,1,1.7391702009695105,3,1-3 phonemes
324,sola,1,s,3828,3.073062309387223,4,4-6 phonemes
324,sola,2,o,488,2.001903505231753,4,4-6 phonemes
324,sola,3,l,56,0.3912757621542669,4,4-6 phonemes
324,sola,4,a,1,0.1523793441888527,4,4-6 phonemes
325,volta,1,v,1109,4.343319078671679,5,4-6 phonemes
325,volta,2,O,27,1.2966779662572157,5,4-6 phonemes
325,volta,3,l,8,0.0419929135252192,5,4-6 phonemes
325,volta,4,t,3,0.084042717924778,5,4-6 phonemes
325,volta,5,a,1,0.001929723425225,5,4-6 phonemes
326,l',1,l,1,5.496532500906398,1,1-3 phonemes
327,immenso,1,i,116,12.01022431206388,6,4-6 phonemes
327,immenso,2,mm,7,7.414798223980207,6,4-6 phonemes
327,immenso,3,E,2,2.213795691973666,6,4-6 phonemes
327,immenso,4,n,2,-0.0,6,4-6 phonemes
327,immenso,5,s,2,-0.0,6,4-6 phonemes
327,immenso,6,o,1,1.6697235263445602,6,4-6 phonemes
328,deserto,1,d,1690,4.750129199630107,7,7+ phonemes
328,deserto,2,e,364,2.146562157396052,7,7+ phonemes
328,deserto,3,z,11,2.480007295199913,7,7+ phonemes
328,deserto,4,E,5,0.0197253569615873,7,7+ phonemes
328,deserto,5,r,5,-0.0,7,7+ phonemes
328,deserto,6,t,5,-0.0,7,7+ phonemes
328,deserto,7,o,1,0.0149069216114374,7,7+ phonemes
329,gelato,1,dZ,509,8.041990329508572,6,4-6 phonemes
329,gelato,2,e,145,3.906209062842368,6,4-6 phonemes
329,gelato,3,l,15,2.472043664732763,6,4-6 phonemes
329,gelato,4,a,9,0.1316099139857915,6,4-6 phonemes
329,gelato,5,t,8,0.0053502906137412,6,4-6 phonemes
329,gelato,6,o,1,0.7376183827411671,6,4-6 phonemes
330,per,1,p,3247,4.327052059682827,3,1-3 phonemes
330,per,2,e,470,1.0208697085939775,3,1-3 phonemes
330,per,3,r,1,0.3270544277200169,3,1-3 phonemes
331,trasformarlo,1,t,1478,4.325505986035379,12,7+ phonemes
331,trasformarlo,2,r,557,1.7937298195044178,12,7+ phonemes
331,trasformarlo,3,a,332,2.238163381872318,12,7+ phonemes
331,trasformarlo,4,s,96,1.8241721257728505,12,7+ phonemes
331,trasformarlo,5,f,40,1.1421140265596998,12,7+ phonemes
331,trasformarlo,6,o,21,0.1620479189026077,12,7+ phonemes
331,trasformarlo,7,r,21,-0.0,12,7+ phonemes
331,trasformarlo,8,m,21,-0.0,12,7+ phonemes
331,trasformarlo,9,a,18,0.0157275877137416,12,7+ phonemes
331,trasformarlo,10,r,8,0.0396098848554731,12,7+ phonemes
331,trasformarlo,11,l,4,1.6424914475961503,12,7+ phonemes
331,trasformarlo,12,o,1,0.6270024093846898,12,7+ phonemes
332,in,1,i,1662,0.8046119345348736,2,1-3 phonemes
332,in,2,n,1,0.0407171909860035,2,1-3 phonemes
333,un,1,u,331,1.6347267561771628,2,1-3 phonemes
333,un,2,n,1,0.6377997095981282,2,1-3 phonemes
334,mare,1,m,1929,3.730899746980477,4,4-6 phonemes
334,mare,2,a,718,1.6628317386872375,4,4-6 phonemes
334,mare,3,r,184,1.2280552813803909,4,4-6 phonemes
334,mare,4,e,1,0.4113515572855911,4,4-6 phonemes
335,azzurro,1,a,3420,3.964905741030032,5,4-6 phonemes
335,azzurro,2,ddz,21,2.27407122529436,5,4-6 phonemes
335,azzurro,3,u,8,0.0024913051356187,5,4-6 phonemes
335,azzurro,4,rr,8,-0.0,5,4-6 phonemes
335,azzurro,5,o,1,0.0421448949118424,5,4-6 phonemes
336,è,1,E,1,6.762633004167016,1,1-3 phonemes
337,caldo,1,k,4365,3.039873710516764,5,4-6 phonemes
337,caldo,2,a,1124,4.175588428152473,5,4-6 phonemes
337,caldo,3,l,167,2.473436121307881,5,4-6 phonemes
337,caldo,4,d,11,2.0365487663808466,5,4-6 phonemes
337,caldo,5,o,1,0.4360213261357192,5,4-6 phonemes
338,ho,1,O,1,8.177150407538617,1,1-3 phonemes
339,in,1,i,2077,4.379449137080233,2,1-3 phonemes
339,in,2,n,1,1.388513262723885,2,1-3 phonemes
340,un,1,u,283,1.7150906432836668,2,1-3 phonemes
340,un,2,n,1,0.4574052093049871,2,1-3 phonemes
341,prato,1,p,2484,3.1129161353820862,5,4-6 phonemes
341,prato,2,r,537,2.3935971967985896,5,4-6 phonemes
341,prato,3,a,30,1.4885052699715655,5,4-6 phonemes
341,prato,4,t,13,0.026091191304535,5,4-6 phonemes
341,prato,5,o,1,0.0063930033734476,5,4-6 phonemes
342,di,1,d,1945,3.15956300495706,2,1-3 phonemes
342,di,2,i,1,1.5094715316699177,2,1-3 phonemes
343,velluto,1,v,1023,4.890480064265373,6,4-6 phonemes
343,velluto,2,e,316,0.9221129675867736,6,4-6 phonemes
343,velluto,3,ll,6,4.989045376694267,6,4-6 phonemes
343,velluto,4,u,5,0.0005388582894921,6,4-6 phonemes
343,velluto,5,t,5,-0.0,6,4-6 phonemes
343,velluto,6,o,1,0.0451565159417816,6,4-6 phonemes
344,verde,1,v,1225,5.445796849699079,5,4-6 phonemes
344,verde,2,e,395,1.5029237173088783,5,4-6 phonemes
344,verde,3,r,103,0.910534739139134,5,4-6 phonemes
344,verde,4,d,8,0.4177960481188451,5,4-6 phonemes
344,verde,5,e,1,0.1480622634254717,5,4-6 phonemes
345,lo,1,l,990,4.116129898967322,2,1-3 phonemes
345,lo,2,o,1,4.258263971192832,2,1-3 phonemes
346,sforzo,1,s,5687,1.70067010647854,6,4-6 phonemes
346,sforzo,2,f,306,5.839898003423056,6,4-6 phonemes
346,sforzo,3,O,16,1.7802072484281344,6,4-6 phonemes
346,sforzo,4,r,6,0.2257698305530148,6,4-6 phonemes
346,sforzo,5,ts,5,0.0001343963726052,6,4-6 phonemes
346,sforzo,6,o,1,0.0788013906757018,6,4-6 phonemes
347,la,1,l,751,5.522673845078674,2,1-3 phonemes
347,la,2,a,1,2.908075300116206,2,1-3 phonemes
348,esaurì,1,e,569,8.893562448085294,6,4-6 phonemes
348,esaurì,2,z,50,5.690611576004009,6,4-6 phonemes
348,esaurì,3,a,28,1.3189807625526968,6,4-6 phonemes
348,esaurì,4,w,7,2.821297701148481,6,4-6 phonemes
348,esaurì,5,r,3,2.3898189073589995,6,4-6 phonemes
348,esaurì,6,i,1,1.9378538578048357,6,4-6 phonemes
349,all,1,a,4229,4.021805459238624,2,1-3 phonemes
349,all,2,ll,1,6.477182279730669,2,1-3 phonemes
350,alba,1,a,3877,4.762840819298828,4,4-6 phonemes
350,alba,2,l,222,2.5537424870174434,4,4-6 phonemes
350,alba,3,b,23,4.443438838406009,4,4-6 phonemes
350,alba,4,a,1,11.232930069445574,4,4-6 phonemes
351,fu,1,f,472,10.55229460291409,2,1-3 phonemes
351,fu,2,u,1,3.908468970996379,2,1-3 phonemes
352,vista,1,v,1025,6.196662833273554,5,4-6 phonemes
352,vista,2,i,233,1.2995307598995645,5,4-6 phonemes
352,vista,3,s,25,0.8988293486876526,5,4-6 phonemes
352,vista,4,t,10,0.0825249662314142,5,4-6 phonemes
352,vista,5,a,1,0.8548856376582964,5,4-6 phonemes
353,appassire,1,a,4012,4.176592935844257,7,7+ phonemes
353,appassire,2,pp,245,5.313253822134944,7,7+ phonemes
353,appassire,3,a,83,1.2421652580972256,7,7+ phonemes
353,appassire,4,ss,15,4.737463909566884,7,7+ phonemes
353,appassire,5,i,5,2.257346612598396,7,7+ phonemes
353,appassire,6,r,1,1.6847519474693669,7,7+ phonemes
353,appassire,7,e,1,-0.0,7,7+ phonemes
354,piegarsi,1,p,2905,4.145921428721513,8,7+ phonemes
354,piegarsi,2,j,158,3.32126878415495,8,7+ phonemes
354,piegarsi,3,e,23,6.984484434441412,8,7+ phonemes
354,piegarsi,4,g,11,2.365195945839953,8,7+ phonemes
354,piegarsi,5,a,9,0.9032489618592836,8,7+ phonemes
354,piegarsi,6,r,2,1.3690925417644542,8,7+ phonemes
354,piegarsi,7,s,1,1.7650574298184696,8,7+ phonemes
354,piegarsi,8,i,1,-0.0,8,7+ phonemes
355,sullo,1,s,4091,3.079727594481406,4,4-6 phonemes
355,sullo,2,u,245,0.6766572815141331,4,4-6 phonemes
355,sullo,3,ll,3,2.056642587704646,4,4-6 phonemes
355,sullo,4,o,1,5.311503828154557,4,4-6 phonemes
356,stelo,1,s,4467,0.6632256683045148,5,4-6 phonemes
356,stelo,2,t,862,1.3236882420922793,5,4-6 phonemes
356,stelo,3,e,73,2.6379444303799766,5,4-6 phonemes
356,stelo,4,l,1,4.2555002330545255,5,4-6 phonemes
356,stelo,5,o,1,-0.0,5,4-6 phonemes
357,perdere,1,p,3646,4.148760222442901,7,7+ phonemes
357,perdere,2,E,103,5.330573822481768,7,7+ phonemes
357,perdere,3,r,38,1.6443102761583044,7,7+ phonemes
357,perdere,4,d,19,0.7361929913202678,7,7+ phonemes
357,perdere,5,e,12,0.3438118394559447,7,7+ phonemes
357,perdere,6,r,11,0.2918972875263107,7,7+ phonemes
357,perdere,7,e,1,3.960193870754242,7,7+ phonemes
358,il,1,i,1661,3.1433018284208285,2,1-3 phonemes
358,il,2,l,1,0.5197910488363053,2,1-3 phonemes
359,colore,1,k,3217,3.353971971499472,6,4-6 phonemes
359,colore,2,o,1335,1.3341359733116749,6,4-6 phonemes
359,colore,3,l,78,0.8621242205878529,6,4-6 phonemes
359,colore,4,o,27,0.1967091880754144,6,4-6 phonemes
359,colore,5,r,19,0.004275003230083,6,4-6 phonemes
359,colore,6,e,1,0.0308348618583016,6,4-6 phonemes
360,è,1,E,1,7.60232660218442,1,1-3 phonemes
361,la,1,l,871,2.900806735460617,2,1-3 phonemes
361,la,2,a,1,1.201857287067373,2,1-3 phonemes
362,vita,1,v,1113,2.5710075637078336,4,4-6 phonemes
362,vita,2,i,288,0.2944206105851348,4,4-6 phonemes
362,vita,3,t,22,1.1574696534194748,4,4-6 phonemes
362,vita,4,a,1,0.017775392277349,4,4-6 phonemes
363,tradotto,1,t,1786,5.399887202293193,7,7+ phonemes
363,tradotto,2,r,689,1.3264935868804977,7,7+ phonemes
363,tradotto,3,a,462,0.89527205227251,7,7+ phonemes
363,tradotto,4,d,42,6.281211390378087,7,7+ phonemes
363,tradotto,5,o,4,2.339616968987564,7,7+ phonemes
363,tradotto,6,tt,4,-0.0,7,7+ phonemes
363,tradotto,7,o,1,0.303427549383448,7,7+ phonemes
364,nelle,1,n,544,4.358260043978448,4,4-6 phonemes
364,nelle,2,e,87,0.342366416437819,4,4-6 phonemes
364,nelle,3,ll,4,1.6124340565711703,4,4-6 phonemes
364,nelle,4,e,1,2.737596653589419,4,4-6 phonemes
365,nostre,1,n,427,4.439086527800218,6,4-6 phonemes
365,nostre,2,O,47,1.235482353908542,6,4-6 phonemes
365,nostre,3,s,4,1.9339944825628677,6,4-6 phonemes
365,nostre,4,t,4,-0.0,6,4-6 phonemes
365,nostre,5,r,4,-0.0,6,4-6 phonemes
365,nostre,6,e,1,0.0106698204232104,6,4-6 phonemes
366,parole,1,p,1955,3.447622223912283,6,4-6 phonemes
366,parole,2,a,489,0.9862847210768898,6,4-6 phonemes
366,parole,3,r,166,0.3600831049270453,6,4-6 phonemes
366,parole,4,O,2,0.4202035965716109,6,4-6 phonemes
366,parole,5,l,2,-0.0,6,4-6 phonemes
366,parole,6,e,1,0.0014870579759822,6,4-6 phonemes
367,è,1,E,1,6.463950046482973,1,1-3 phonemes
368,nella,1,n,575,3.9189727412754713,4,4-6 phonemes
368,nella,2,e,108,1.1933980347699669,4,4-6 phonemes
368,nella,3,ll,4,1.670065642565456,4,4-6 phonemes
368,nella,4,a,1,1.079124448733263,4,4-6 phonemes
369,nostra,1,n,455,1.87306027520906,6,4-6 phonemes
369,nostra,2,O,50,0.0612483922911874,6,4-6 phonemes
369,nostra,3,s,4,0.0969180819802523,6,4-6 phonemes
369,nostra,4,t,4,-0.0,6,4-6 phonemes
369,nostra,5,r,4,-0.0,6,4-6 phonemes
369,nostra,6,a,1,0.0060164430248136,6,4-6 phonemes
370,lingua,1,l,892,3.537372389772209,6,4-6 phonemes
370,lingua,2,i,196,0.3351360420238882,6,4-6 phonemes
370,lingua,3,N,14,0.0541923237425135,6,4-6 phonemes
370,lingua,4,g,14,-0.0,6,4-6 phonemes
370,lingua,5,w,13,5.155865239310963e-06,6,4-6 phonemes
370,lingua,6,a,1,0.0266166322821177,6,4-6 phonemes
371,il,1,i,3469,3.7949649452457614,2,1-3 phonemes
371,il,2,l,1,1.9560908720479384,2,1-3 phonemes
372,suo,1,s,3298,2.571889962870772,3,1-3 phonemes
372,suo,2,u,240,2.153661898891116,3,1-3 phonemes
372,suo,3,o,1,0.1773570662591991,3,1-3 phonemes
373,ultimo,1,u,355,7.373766102167773,6,4-6 phonemes
373,ultimo,2,l,23,2.0050514752008035,6,4-6 phonemes
373,ultimo,3,t,15,0.00386445580278,6,4-6 phonemes
373,ultimo,4,i,8,0.0154945857232917,6,4-6 phonemes
373,ultimo,5,m,8,-0.0,6,4-6 phonemes
373,ultimo,6,o,1,0.1371359169808444,6,4-6 phonemes
374,pensiero,1,p,3014,3.1271040876402623,8,7+ phonemes
374,pensiero,2,e,423,1.0016122977066526,8,7+ phonemes
374,pensiero,3,n,67,0.1357928094586172,8,7+ phonemes
374,pensiero,4,s,33,0.0015912889826253,8,7+ phonemes
374,pensiero,5,j,6,0.0020527308465283,8,7+ phonemes
374,pensiero,6,E,2,0.0001444692737679,8,7+ phonemes
374,pensiero,7,r,2,-0.0,8,7+ phonemes
374,pensiero,8,o,1,0.0090676912271837,8,7+ phonemes
375,dev,1,d,2344,3.8262783094881714,3,1-3 phonemes
375,dev,2,e,606,2.472945836454408,3,1-3 phonemes
375,dev,3,v,1,7.744510392710923,3,1-3 phonemes
376,essere,1,E,74,4.227896547101631,5,4-6 phonemes
376,essere,2,ss,20,0.00449704455902,5,4-6 phonemes
376,essere,3,e,20,-0.0,5,4-6 phonemes
376,essere,4,r,19,3.3325794723303615e-05,5,4-6 phonemes
376,essere,5,e,1,0.0759338589493616,5,4-6 phonemes
377,stato,1,s,4923,3.13764092496434,5,4-6 phonemes
377,stato,2,t,685,1.9830312944388035,5,4-6 phonemes
377,stato,3,a,143,0.2035893773854711,5,4-6 phonemes
377,stato,4,t,19,0.1012212455356446,5,4-6 phonemes
377,stato,5,o,1,0.255128881176034,5,4-6 phonemes
378,pressappoco,1,p,3027,3.571510223066668,9,7+ phonemes
378,pressappoco,2,r,1073,1.9547065795486545,9,7+ phonemes
378,pressappoco,3,e,403,1.794155927593824,9,7+ phonemes
378,pressappoco,4,ss,8,8.002930053288665,9,7+ phonemes
378,pressappoco,5,a,6,0.1054675325929646,9,7+ phonemes
378,pressappoco,6,pp,1,8.461639653005076,9,7+ phonemes
378,pressappoco,7,O,1,-0.0,9,7+ phonemes
378,pressappoco,8,k,1,-0.0,9,7+ phonemes
378,pressappoco,9,o,1,-0.0,9,7+ phonemes
379,questo,1,k,3320,3.6858633002795487,6,4-6 phonemes
379,questo,2,w,143,2.5740313647387487,6,4-6 phonemes
379,questo,3,e,19,1.4789039682494318,6,4-6 phonemes
379,questo,4,s,10,1.9798710120423493,6,4-6 phonemes
379,questo,5,t,9,0.0005990002601809,6,4-6 phonemes
379,questo,6,o,1,0.9544204460066807,6,4-6 phonemes
380,ecco,1,E,136,4.87962723622576,3,1-3 phonemes
380,ecco,2,kk,5,11.907515387779569,3,1-3 phonemes
380,ecco,3,o,1,0.987311121946978,3,1-3 phonemes
381,io,1,i,2604,3.3130366686811983,2,1-3 phonemes
381,io,2,o,1,3.821541150715004,2,1-3 phonemes
382,muoio,1,m,1820,4.576229797261189,5,4-6 phonemes
382,muoio,2,w,36,5.420700526167509,5,4-6 phonemes
382,muoio,3,O,19,0.984468006086436,5,4-6 phonemes
382,muoio,4,j,4,2.610040343093757,5,4-6 phonemes
382,muoio,5,o,1,0.9848532151227644,5,4-6 phonemes
383,ma,1,m,1780,5.071845251742219,2,1-3 phonemes
383,ma,2,a,1,3.077127518279036,2,1-3 phonemes
384,bisognava,1,b,825,7.143767763212336,8,7+ phonemes
384,bisognava,2,i,64,2.977760950641944,8,7+ phonemes
384,bisognava,3,z,11,0.200477266358779,8,7+ phonemes
384,bisognava,4,o,11,-0.0,8,7+ phonemes
384,bisognava,5,JJ,10,0.000383794434152,8,7+ phonemes
384,bisognava,6,a,2,0.0990051860733259,8,7+ phonemes
384,bisognava,7,v,1,3.5547132478912973,8,7+ phonemes
384,bisognava,8,a,1,-0.0,8,7+ phonemes
385,pure,1,p,2663,3.449094033824765,4,4-6 phonemes
385,pure,2,u,133,5.266612264984477,4,4-6 phonemes
385,pure,3,r,18,0.8637634440991832,4,4-6 phonemes
385,pure,4,e,1,2.2889511794046884,4,4-6 phonemes
386,che,1,k,3600,3.172862752538306,2,1-3 phonemes
386,che,2,e,1,3.431975481531479,2,1-3 phonemes
387,qualcuno,1,k,3478,3.569811048692872,8,7+ phonemes
387,qualcuno,2,w,156,1.9491971113180728,8,7+ phonemes
387,qualcuno,3,a,92,1.6816230572143958,8,7+ phonemes
387,qualcuno,4,l,21,0.9499682892194212,8,7+ phonemes
387,qualcuno,5,k,6,0.107656064240705,8,7+ phonemes
387,qualcuno,6,u,3,0.9370368863267088,8,7+ phonemes
387,qualcuno,7,n,3,-0.0,8,7+ phonemes
387,qualcuno,8,o,1,0.0976923962139986,8,7+ phonemes
388,cominciasse,1,k,3516,1.6874720751296577,9,7+ phonemes
388,cominciasse,2,o,1753,3.1350088292683065,9,7+ phonemes
388,cominciasse,3,m,322,1.1570168386557518,9,7+ phonemes
388,cominciasse,4,i,30,3.2260464393324098,9,7+ phonemes
388,cominciasse,5,n,29,0.0004609514502377,9,7+ phonemes
388,cominciasse,6,tS,29,-0.0,9,7+ phonemes
388,cominciasse,7,a,20,1.3585825808916243,9,7+ phonemes
388,cominciasse,8,ss,3,6.224234322926281,9,7+ phonemes
388,cominciasse,9,e,1,0.1882045665566773,9,7+ phonemes
389,un,1,u,259,5.031025121893119,2,1-3 phonemes
389,un,2,n,1,0.7256662229040534,2,1-3 phonemes
390,giorno,1,dZ,463,4.699731999365837,5,4-6 phonemes
390,giorno,2,o,73,1.07941469949794,5,4-6 phonemes
390,giorno,3,r,14,0.0535898230875476,5,4-6 phonemes
390,giorno,4,n,14,-0.0,5,4-6 phonemes
390,giorno,5,o,1,0.0225765541566161,5,4-6 phonemes
391,le,1,l,688,4.558476879557556,2,1-3 phonemes
391,le,2,e,1,3.855365683126906,2,1-3 phonemes
392,viole,1,v,1016,5.108584420380673,5,4-6 phonemes
392,viole,2,j,29,6.7886512832966215,5,4-6 phonemes
392,viole,3,O,2,4.041340953203852,5,4-6 phonemes
392,viole,4,l,2,-0.0,5,4-6 phonemes
392,viole,5,e,1,2.610762120798632,5,4-6 phonemes
393,giungeranno,1,dZ,544,7.098978651173257,9,7+ phonemes
393,giungeranno,2,u,98,2.8640131718668287,9,7+ phonemes
393,giungeranno,3,n,20,4.057334297706931,9,7+ phonemes
393,giungeranno,4,dZ,11,0.9320426080942144,9,7+ phonemes
393,giungeranno,5,e,9,0.2627528242073781,9,7+ phonemes
393,giungeranno,6,r,3,0.8094231216864352,9,7+ phonemes
393,giungeranno,7,a,2,2.247963973349393,9,7+ phonemes
393,giungeranno,8,nn,1,2.235175937052037,9,7+ phonemes
393,giungeranno,9,o,1,-0.0,9,7+ phonemes
394,qui,1,k,3255,4.09086952090313,3,1-3 phonemes
394,qui,2,w,161,1.6625047191494806,3,1-3 phonemes
394,qui,3,i,1,1.6291667894963815,3,1-3 phonemes
395,a,1,a,1,4.660581245371769,1,1-3 phonemes
396,milioni,1,m,1752,4.17201075721831,7,7+ phonemes
396,milioni,2,i,237,3.344128596655493,7,7+ phonemes
396,milioni,3,l,16,3.594640689392857,7,7+ phonemes
396,milioni,4,j,5,3.9213280542997966,7,7+ phonemes
396,milioni,5,o,2,0.1233308906249225,7,7+ phonemes
396,milioni,6,n,2,-0.0,7,7+ phonemes
396,milioni,7,i,1,0.0379431611705168,7,7+ phonemes
397,i,1,i,1,7.405083139562882,1,1-3 phonemes
398,ghiacci,1,g,747,2.9081447017487267,5,4-6 phonemes
398,ghiacci,2,j,22,1.137270635611439,5,4-6 phonemes
398,ghiacci,3,a,15,0.0023533792067188,5,4-6 phonemes
398,ghiacci,4,ttS,10,0.0064526019382508,5,4-6 phonemes
398,ghiacci,5,i,1,0.0319874039883004,5,4-6 phonemes
399,si,1,s,4846,3.831722434361884,2,1-3 phonemes
399,si,2,i,1,2.153207774325925,2,1-3 phonemes
400,scioglieranno,1,S,204,6.95231981082965,8,7+ phonemes
400,scioglieranno,2,o,15,6.590024774459814,8,7+ phonemes
400,scioglieranno,3,LL,7,0.1386471187449198,8,7+ phonemes
400,scioglieranno,4,e,6,0.0843293957980544,8,7+ phonemes
400,scioglieranno,5,r,2,0.1814721500304589,8,7+ phonemes
400,scioglieranno,6,a,2,-0.0,8,7+ phonemes
400,scioglieranno,7,nn,1,0.5026992690406268,8,7+ phonemes
400,scioglieranno,8,o,1,-0.0,8,7+ phonemes
401,è,1,E,1,10.668053564073467,1,1-3 phonemes
402,qui,1,k,4093,3.505086336970921,3,1-3 phonemes
402,qui,2,w,152,1.7543177586252037,3,1-3 phonemes
402,qui,3,i,1,4.16883341771339,3,1-3 phonemes
403,c',1,tS,1,6.120843282150463,1,1-3 phonemes
404,saranno,1,s,4668,1.7853488487198033,6,4-6 phonemes
404,saranno,2,a,341,2.0428325055587337,6,4-6 phonemes
404,saranno,3,r,27,0.1739944436616863,6,4-6 phonemes
404,saranno,4,a,8,0.3196656841243978,6,4-6 phonemes
404,saranno,5,nn,1,1.561649231560683,6,4-6 phonemes
404,saranno,6,o,1,-0.0,6,4-6 phonemes
405,isole,1,i,2167,3.280960034148896,5,4-6 phonemes
405,isole,2,z,17,10.92085432540688,5,4-6 phonemes
405,isole,3,o,11,0.1988101571565019,5,4-6 phonemes
405,isole,4,l,11,-0.0,5,4-6 phonemes
405,isole,5,e,1,0.5222523124829369,5,4-6 phonemes
406,case,1,k,3972,3.215992451539295,4,4-6 phonemes
406,case,2,a,1107,3.275336648710512,4,4-6 phonemes
406,case,3,z,29,6.124889248153437,4,4-6 phonemes
406,case,4,e,1,1.4613293552710949,4,4-6 phonemes
407,è,1,E,1,9.490228315847713,1,1-3 phonemes
408,bambini,1,b,1355,5.850800799542011,7,7+ phonemes
408,bambini,2,a,458,1.0962792051669656,7,7+ phonemes
408,bambini,3,m,10,3.285646082623595,7,7+ phonemes
408,bambini,4,b,9,0.0009543943636027,7,7+ phonemes
408,bambini,5,i,5,0.0647856147210939,7,7+ phonemes
408,bambini,6,n,5,-0.0,7,7+ phonemes
408,bambini,7,i,1,0.1498018950207712,7,7+ phonemes
