BEGIN,entropy,type_of_words,word
89082.0,10.201748847961426,function,L'
96138.0,5.0143723487854,content,ombrellino
127449.0,5.501502990722656,content,asciutto
249165.0,3.785062313079834,function,C'
254016.0,1.702765941619873,content,era
264159.0,5.414585590362549,function,una
271656.0,7.394293308258057,content,volta
309582.0,7.840834617614746,function,in
315756.0,6.400397300720215,function,un
322371.0,7.616646289825439,content,paese
340452.0,7.630876064300537,function,molto
355064.0,3.3606910705566406,content,asciutto
399546.0,4.480457782745361,function,un
407043.0,4.871142864227295,content,ombrellino
434706.0,6.1100850105285645,content,azzurro
519498.0,7.2336106300354,function,Come
530964.0,7.425199508666992,function,era
536697.0,8.043595314025879,content,finito
557424.0,5.249078750610352,function,in
564480.0,5.575463771820068,function,quel
571977.0,7.366096496582031,content,paese
589617.0,2.440436840057373,content,asciutto
658413.0,5.851931571960449,function,Chissà
724563.0,7.176414489746094,function,forse
740439.0,6.319948673248291,function,uno
748818.0,5.932957649230957,content,scherzo
796446.0,6.270164012908936,function,uno
807030.0,4.328944206237793,content,sbaglio
874062.0,7.763160705566406,function,ma
879795.0,3.663950920104981,function,l'
881559.0,1.0544217824935913,content,ombrellino
904932.0,6.438201904296875,function,era
915516.0,5.7317399978637695,function,là
954765.0,7.535388469696045,function,e
960057.0,5.60478401184082,content,restava
986076.0,6.527161598205566,function,sempre
1006803.0,4.754232406616211,content,chiuso
1056195.0,7.781198978424072,function,perché
1069654.0,6.776564121246338,function,in
1074276.0,3.849373817443848,function,quel
1084860.0,2.1027393341064453,content,paese
1103823.0,6.163753032684326,function,non
1108674.0,2.494744062423706,content,pioveva
1134252.0,4.975099086761475,function,quasi
1154097.0,2.946428775787353,function,mai
1191582.0,6.052877426147461,function,e
1192905.0,6.61061429977417,function,se
1204371.0,4.40066385269165,content,pioveva
1252881.0,3.73426365852356,content,pioveva
1272726.0,5.891088485717773,function,così
1294335.0,5.469612121582031,function,poco
1327559.0,3.40407133102417,function,che
1331379.0,6.44909143447876,function,la
1340199.0,6.657914638519287,content,gente
1355193.0,6.768857479095459,function,si
1362690.0,8.0142822265625,content,prendeva
1385181.0,7.191277503967285,function,la
1390914.0,7.415690898895264,content,pioggia
1407672.0,5.020707130432129,function,in
1416271.0,6.579499244689941,content,faccia
1445580.0,3.439225196838379,content,contenta
1479114.0,3.613274097442627,function,della
1487934.0,6.770966053009033,content,poca
1502046.0,4.687280178070068,content,frescura
1561140.0,6.032227516174316,function,e
1567755.0,7.780779361724853,function,di
1573488.0,8.46019458770752,content,aprire
1591128.0,2.5719637870788574,function,l'
1593333.0,0.9219150543212892,content,ombrello
1633023.0,5.882466793060303,function,nemmeno
1655073.0,6.441207408905029,function,le
1660806.0,6.711516380310059,content,veniva
1675800.0,3.752863883972168,function,l'
1677564.0,4.888453006744385,content,idea
1755621.0,7.255012512207031,function,Un
1764882.0,7.6499409675598145,content,giorno
1779435.0,3.2877986431121826,function,l'
1782081.0,0.7384040951728821,content,ombrellino
1826181.0,7.280296802520752,function,era
1835001.0,6.182412147521973,function,lì
1864989.0,5.221599578857422,content,chiuso
1898064.0,5.074376583099365,content,accaldato
1931580.0,4.971834182739258,function,e
1935549.0,6.141788959503174,content,triste
1984500.0,6.595242977142334,function,quando
1997730.0,6.806814193725586,function,gli
2005227.0,7.175926208496094,function,si
2010519.0,5.779311180114746,content,posò
2027718.0,5.978930473327637,function,vicino
2055942.0,4.821881771087647,function,un
2063439.0,6.853209018707275,content,piccione
2084607.0,5.47541618347168,content,viaggiatore
2156490.0,7.66391134262085,function,Che
2166633.0,6.206482887268066,content,fai
2179422.0,4.860090255737305,content,ombrellino
2241162.0,4.28128719329834,function,Sono
2255715.0,5.963564395904541,content,triste
2304225.0,6.101972579956055,function,Perché
2318778.0,6.202663421630859,function,sei
2331567.0,4.496579170227051,content,triste
2392425.0,5.393154144287109,function,Perché
2405214.0,4.206464767456055,function,non
2409183.0,6.03090763092041,function,mi
2416239.0,6.774623394012451,content,piace
2434320.0,5.297056198120117,content,stare
2451519.0,4.014573574066162,function,qui
2485035.0,6.989602088928223,function,troppo
2500470.0,5.102189064025879,content,sole
2559564.0,6.776330947875977,function,e
2565738.0,3.8451857566833496,function,l'
2567943.0,0.4924916326999664,content,ombrellino
2588670.0,5.351167678833008,content,spiegò
2611161.0,5.950080871582031,function,al
2616894.0,3.056344509124756,content,piccione
2638062.0,1.7819457054138184,content,viaggiatore
2670696.0,4.522388458251953,function,tutti
2685690.0,4.618391990661621,function,i
2689218.0,5.779568672180176,function,suoi
2701125.0,5.416895866394043,content,guai
2759337.0,7.218620777130127,function,Se
2767716.0,6.675172328948975,function,sei
2777859.0,3.7411859035491934,content,infelice
2821077.0,7.267511367797852,function,perché
2834307.0,6.0471673011779785,function,non
2845773.0,5.636310577392578,content,voli
2860925.0,5.744578361511231,function,via
2895165.0,7.35426139831543,content,disse
2912364.0,6.320068836212158,function,il
2918097.0,0.8795550465583801,content,piccione
2986893.0,3.955711126327514,function,Ma
2993508.0,7.002906799316406,function,come
3028788.0,4.042529582977295,function,Io
3034031.0,6.175758361816406,function,non
3042459.0,5.584840774536133,content,so
3055689.0,4.306005477905273,content,volare
3119634.0,4.483844757080078,function,Forse
3138156.0,6.321202754974365,function,non
3146976.0,3.978070020675659,content,sai
3190635.0,7.079163074493408,function,ma
3200778.0,5.705056190490723,content,puoi
3258549.0,5.685610771179199,function,Non
3268251.0,5.728832244873047,content,capisco
3338370.0,4.510946273803711,content,Ascolta
3360420.0,3.6479263305664062,content,ombrellino
3409812.0,5.325812816619873,content,disse
3429216.0,5.297252655029297,function,il
3434067.0,0.5671138167381287,content,piccione
3492279.0,1.903985977172852,function,Sei
3502863.0,7.847984313964844,content,capace
3524472.0,1.7999763488769531,function,di
3529764.0,3.201695442199707,content,aprirti
3548286.0,5.339582443237305,function,da
3553578.0,4.932421684265137,content,solo
3610908.0,5.020964622497559,function,Non
3621051.0,6.303071975708008,function,ci
3624138.0,7.014678001403809,function,ho
3626784.0,5.71187162399292,function,mai
3634281.0,4.765154838562012,content,provato
3694698.0,6.120584964752197,content,Provaci
3767463.0,2.198378086090088,function,L'
3771873.0,0.3188705146312713,content,ombrellino
3793482.0,7.467830657958984,function,ci
3803184.0,4.663794994354248,content,provò
3869334.0,7.746213912963867,function,ma
3876390.0,6.6574578285217285,function,era
3884328.0,8.289179801940918,function,davvero
3905055.0,6.291540145874023,content,difficile
3952683.0,6.771285057067871,function,perché
3965472.0,6.333599090576172,function,lui
3976497.0,5.6068220138549805,function,era
3982362.0,8.0892915725708,content,abituato
4012659.0,2.515742778778076,function,ad
4018392.0,6.296683311462402,function,essere
4033610.0,9.168010711669922,content,aperto
4052790.0,4.672360420227051,function,dagli
4065579.0,4.384551048278809,function,altri
4130847.0,6.150630950927734,function,Però
4167450.0,7.588617324829102,content,prova
4189059.0,4.775463104248047,function,e
4190382.0,5.790587902069092,content,riprova
4234041.0,7.565052032470703,function,a
4238892.0,9.228471755981444,content,colpi
4254768.0,3.3141732215881348,content,successivi
4301073.0,6.859769821166992,content,riuscì
4324446.0,3.0668094158172607,function,ad
4331502.0,5.818209648132324,content,aprirsi
4360167.0,5.54337739944458,function,quasi
4379571.0,4.596510887145996,function,completamente
4443075.0,7.210741519927978,function,ma
4450060.0,6.125120162963867,function,a
4457187.0,8.640053749084473,content,fare
4473759.0,7.646079063415527,function,il
4478796.0,6.169719219207764,content,tric
4499082.0,6.719529151916504,content,finale
4525983.0,4.426185607910156,function,non
4533480.0,5.502072334289551,content,riusciva
4636233.0,6.606954574584961,content,Vedi
4665339.0,3.539029121398926,function,Non
4673277.0,7.279715061187744,content,so
4679010.0,3.4272193908691406,content,aprirmi
4705029.0,4.4160590171813965,function,tutto
4739868.0,4.456383228302002,content,diceva
4756185.0,3.207888126373291,function,l'
4760154.0,1.1672651767730713,content,ombrellino
4794111.0,5.694605827331543,content,triste
4856733.0,3.7672581672668457,content,Ascolta
4901274.0,8.560968399047852,content,disse
4918473.0,2.997499704360962,function,il
4925088.0,0.7284975647926331,content,piccione
4977567.0,5.9096221923828125,content,aspetta
5007555.0,4.478393077850342,function,che
5012847.0,6.432454109191895,content,arrivi
5034897.0,6.229625701904297,function,un
5042835.0,7.4171552658081055,content,colpo
5061357.0,5.350976467132568,function,di
5066208.0,5.537412643432617,content,vento
5113836.0,7.497165679931641,function,quando
5132358.0,6.353328704833984,content,arriva
5169843.0,7.212987899780273,content,mettiti
5194098.0,6.430367469787598,function,con
5201595.0,4.804191589355469,function,la
5210415.0,6.106853485107422,content,punta
5233347.0,5.732625484466553,function,nella
5246577.0,6.552464485168457,content,direzione
5274801.0,4.8401408195495605,function,dove
5288913.0,7.135947227478027,function,lui
5300820.0,7.397161960601807,content,va
5319342.0,4.665175914764404,function,e
5324193.0,5.915101051330566,content,vedrai
5387256.0,3.741726875305176,function,E
5392107.0,7.276992321014404,function,il
5399163.0,2.8151588439941406,content,piccione
5415921.0,3.469496726989746,function,se
5424300.0,7.111964702606201,function,ne
5428710.0,6.425104141235352,content,andò
5463108.0,6.686574459075928,content,sparendo
5506326.0,7.066453456878662,function,nel
5519115.0,6.909327983856201,content,cielo
5533668.0,5.01915454864502,content,azzurrissimo
5633775.0,2.832930564880371,function,L'
5637113.0,0.1864821314811706,content,ombrellino
5658471.0,4.255554676055908,content,restò
5676552.0,6.995876312255859,function,solo
5743584.0,5.988379001617432,function,Per
5751081.0,5.811135768890381,function,molte
5766075.0,5.150384426116943,content,notti
5796063.0,8.056852340698242,function,si
5804442.0,4.950273036956787,content,allenò
5821641.0,6.255107402801514,function,ad
5826933.0,7.163516044616699,content,aprirsi
5854275.0,5.534121513366699,function,come
5867505.0,6.129767894744873,content,poteva
5915133.0,7.346172332763672,function,ma
,6.500319957733154,function,a
5930127.0,7.7770795822143555,content,fare
5942034.0,3.413629531860352,content,tric
5979960.0,3.492312431335449,function,proprio
6004215.0,6.215026378631592,function,non
6011712.0,3.983519315719605,content,riusciva
6102558.0,6.545510768890381,function,Ma
6110055.0,6.968301773071289,function,una
6118434.0,4.515013217926025,content,mattina
6166503.0,7.517726898193359,function,appena
6185907.0,7.810481548309326,content,sorto
6206634.0,4.468963146209717,function,il
6213690.0,6.253559589385986,content,sole
6259554.0,4.535775184631348,content,sentì
6281604.0,6.490593910217285,content,arrivare
6307623.0,5.417107105255127,function,un
6313774.0,7.16824197769165,content,vento
6341271.0,6.917679309844971,content,forte
6362214.0,2.045780658721924,function,dall'
6375096.0,4.054301261901856,content,Ovest
6461973.0,6.130751132965088,function,Allora
6474762.0,7.075808048248291,content,mise
6487110.0,4.987618446350098,function,la
6493725.0,5.483641147613525,content,punta
6511365.0,5.684532642364502,function,nella
6520626.0,4.724982261657715,content,direzione
6544881.0,2.631941318511963,function,dell'
6556788.0,3.413630485534668,content,Est
6600888.0,7.808862686157227,function,e
6602211.0,7.683440685272217,function,subito
6627348.0,7.619518280029297,function,il
6635286.0,5.796840190887451,content,vento
6666597.0,7.871310710906982,function,lo
6674976.0,4.225435256958008,content,riempì
6697026.0,5.695204257965088,function,da
6703200.0,8.338765144348145,function,sotto
6738921.0,5.899755954742432,function,e
6762294.0,5.418169498443604,content,tric
6799779.0,8.405770301818848,function,lo
6806835.0,8.04080867767334,content,fece
6820506.0,8.62155532836914,content,aprire
6837705.0,5.130311965942383,function,tutto
6900768.0,7.716285705566406,function,e
6902532.0,7.864669799804687,function,quando
6916423.0,6.821610450744629,function,fu
6924141.0,8.500182151794434,function,ben
6932520.0,8.056225776672363,content,aperto
6974415.0,4.966078758239746,function,lo
6982794.0,6.795181274414063,content,prese
7019838.0,7.940771102905273,function,lo
7026012.0,5.131489276885986,content,sollevò
7070553.0,7.439571857452393,function,lo
7076286.0,8.219548225402832,content,portò
7091280.0,5.728731155395508,function,in
7099659.0,4.746808052062988,content,cielo
7127428.0,7.125764846801758,function,e
7134939.0,6.92121171951294,function,via
7151697.0,2.9286670684814453,function,nell'
7160076.0,5.163101673126221,content,azzurro
7234605.0,7.283336639404297,function,e
7243425.0,7.367420673370361,function,poi
7252245.0,6.866476058959961,content,cominciarono
7277382.0,3.2048823833465576,function,ad
7283115.0,5.805354118347168,content,esserci
7306047.0,6.853188514709473,content,nuvole
7351470.0,8.354012489318848,function,e
7354116.0,4.764400959014893,function,l'
7356321.0,0.7700124382972717,content,ombrellino
7377489.0,7.544558048248291,content,arrivò
7395570.0,6.171848297119141,function,sopra
7408800.0,5.1437578201293945,function,un
7417179.0,6.898756980895996,content,paese
7436583.0,7.714853763580322,function,dove
7449372.0,3.649936437606812,content,pioveva
7468776.0,5.407007217407227,function,tanto
7501410.0,6.768780708312988,function,ma
7516845.0,6.655068397521973,function,tanto
7550802.0,6.9124674797058105,function,che
7560063.0,6.673007965087891,content,scese
7626213.0,7.693364143371582,function,e
7627536.0,7.675791263580322,function,lì
7636356.0,7.272792816162109,function,lo
7640766.0,8.207295417785645,content,portarono
7664139.0,5.654611110687256,function,in
7671195.0,1.501791000366211,content,giro
7683543.0,4.728276252746582,function,tutto
7699860.0,4.210932731628418,function,il
7707798.0,4.740291595458984,content,giorno
7750575.0,7.672783851623535,function,ben
7759395.0,4.90514087677002,content,aperto
7804818.0,6.133632659912109,content,bagnato
7846272.0,4.314323425292969,function,e
7852446.0,6.384086608886719,content,contento
